Nomor Polis,Plan Code,Gender,Tanggal Lahir,Tanggal Efektif Polis,Domisili
POL-0001,M-003,M,8/11/1964,6/3/2014,JAKARTA
POL-0002,M-003,M,7/30/1971,6/3/2014,JAKARTA
POL-0003,M-001,M,8/21/1979,8/8/2016,JAKARTA
POL-0004,M-003,M,7/24/2014,8/11/2016,JAKARTA
POL-0005,M-001,F,1/14/1981,8/28/2015,JAKARTA
POL-0006,M-001,F,11/27/1955,6/28/2016,JAKARTA
POL-0007,M-003,F,1/16/1962,1/10/2018,JAKARTA
POL-0008,M-002,F,3/5/1975,10/5/2016,JAKARTA
POL-0009,M-001,M,1/20/1962,10/18/2017,JAKARTA
POL-0010,M-001,F,6/5/1957,9/8/2017,JAKARTA
POL-0011,M-002,M,1/12/1963,11/22/2017,JAKARTA
POL-0012,M-003,M,8/22/2014,6/15/2015,JAKARTA
POL-0013,M-003,F,5/19/1971,3/7/2017,TANGERANG
POL-0014,M-003,F,7/31/1970,5/28/2017,TANGERANG
POL-0015,M-003,M,8/4/1962,11/28/2017,TANGERANG
POL-0016,M-003,M,1/31/1961,8/9/2017,TANGERANG
POL-0017,M-002,M,11/22/1963,5/20/2016,TANGERANG
POL-0018,M-002,F,3/13/1975,12/28/2017,TANGERANG
POL-0019,M-002,M,11/10/1970,8/12/2015,JAKARTA
POL-0020,M-001,M,6/23/1974,11/7/2016,JAKARTA
POL-0021,M-002,F,8/13/1969,10/17/2016,JAKARTA
POL-0022,M-003,F,8/17/1983,7/14/2015,JAKARTA
POL-0023,M-002,M,8/3/1981,7/27/2012,JAKARTA
POL-0024,M-003,M,4/24/1948,12/27/2012,JAKARTA
POL-0025,M-002,M,12/30/1961,1/26/2018,TANGERANG
POL-0026,M-003,F,8/16/1944,9/26/2017,TANGERANG
POL-0027,M-002,M,2/24/1964,12/19/2017,TANGERANG
POL-0028,M-002,F,9/9/2016,11/28/2017,TANGERANG
POL-0029,M-002,F,5/12/1958,1/25/2018,TANGERANG
POL-0030,M-002,F,11/29/1956,1/24/2018,TANGERANG
POL-0031,M-002,F,6/3/1958,10/25/2012,JAKARTA
POL-0032,M-002,F,1/2/1975,1/25/2012,JAKARTA
POL-0033,M-002,M,2/5/1964,1/26/2012,JAKARTA
POL-0034,M-002,F,7/4/1964,9/28/2012,JAKARTA
POL-0035,M-001,F,6/5/1961,2/9/2012,JAKARTA
POL-0036,M-002,F,10/5/1955,2/15/2013,JAKARTA
POL-0037,M-002,F,8/19/1975,12/19/2017,TANGERANG
POL-0038,M-003,F,11/26/1964,10/28/2017,TANGERANG
POL-0039,M-002,F,5/27/1967,4/28/2017,TANGERANG
POL-0040,M-002,M,5/1/1947,11/24/2017,TANGERANG
POL-0041,M-002,M,1/19/1971,1/28/2018,TANGERANG
POL-0042,M-002,F,11/8/1988,5/19/2017,TANGERANG
POL-0043,M-003,M,4/13/1962,3/8/2013,JAKARTA
POL-0044,M-003,F,3/12/1977,9/23/2013,JAKARTA
POL-0045,M-002,M,8/3/1981,4/28/2014,JAKARTA
POL-0046,M-002,F,1/25/1960,12/14/2012,JAKARTA
POL-0047,M-003,F,4/25/1985,9/23/2013,JAKARTA
POL-0048,M-002,M,10/25/1984,12/23/2011,JAKARTA
POL-0049,M-003,M,6/24/1978,9/14/2016,TANGERANG
POL-0050,M-003,M,8/17/1962,10/20/2016,TANGERANG
POL-0051,M-002,F,4/5/1965,9/28/2016,TANGERANG
POL-0052,M-001,M,7/18/1945,1/28/2018,TANGERANG
POL-0053,M-002,M,10/28/1956,1/25/2018,TANGERANG
POL-0054,M-003,M,9/15/2014,9/16/2016,TANGERANG
POL-0055,M-003,F,9/4/1989,8/23/2013,JAKARTA
POL-0056,M-003,F,10/2/1955,1/28/2013,JAKARTA
POL-0057,M-003,F,5/27/1985,11/9/2015,JAKARTA
POL-0058,M-002,F,1/4/1963,10/19/2015,JAKARTA
POL-0059,M-002,F,10/25/1971,2/24/2012,JAKARTA
POL-0060,M-001,F,6/17/1988,3/2/2012,JAKARTA
POL-0061,M-002,M,7/17/1972,8/25/2016,TANGERANG
POL-0062,M-003,M,1/1/1960,12/23/2016,TANGERANG
POL-0063,M-003,F,4/15/1980,3/17/2016,TANGERANG
POL-0064,M-003,M,7/13/2000,5/28/2017,TANGERANG
POL-0065,M-001,M,1/7/1966,10/7/2015,TANGERANG
POL-0066,M-002,F,2/12/1956,8/10/2016,TANGERANG
POL-0067,M-001,M,6/15/1972,8/28/2015,TANGERANG
POL-0068,M-001,M,2/5/1999,8/28/2015,TANGERANG
POL-0069,M-002,M,9/2/1962,2/24/2017,TANGERANG
POL-0070,M-003,M,8/13/1955,12/9/2014,TANGERANG
POL-0071,M-002,F,2/27/1957,2/24/2017,TANGERANG
POL-0072,M-001,F,7/27/1974,7/9/2015,TANGERANG
POL-0073,M-003,M,5/16/1953,11/28/2012,TANGERANG
POL-0074,M-003,M,1/31/1950,10/12/2012,TANGERANG
POL-0075,M-003,F,11/2/1970,6/18/2013,TANGERANG
POL-0076,M-002,F,2/16/1944,5/13/2013,TANGERANG
POL-0077,M-002,M,1/2/1958,9/26/2013,TANGERANG
POL-0078,M-003,M,5/25/1953,10/22/2013,JAKARTA
POL-0079,M-002,F,8/20/1970,7/2/2013,TANGERANG
POL-0080,M-002,F,2/5/1967,5/28/2014,TANGERANG
POL-0081,M-003,F,10/10/2010,7/10/2014,TANGERANG
POL-0082,M-003,F,7/13/1955,10/6/2014,TANGERANG
POL-0083,M-003,F,4/16/1978,7/11/2014,TANGERANG
POL-0084,M-002,M,10/13/1969,12/19/2012,TANGERANG
POL-0085,M-003,F,5/12/1958,12/20/2013,TANGERANG
POL-0086,M-003,F,5/29/1979,12/23/2011,TANGERANG
POL-0087,M-003,M,5/8/1978,3/14/2012,TANGERANG
POL-0088,M-003,F,5/27/1985,10/28/2012,TANGERANG
POL-0089,M-002,F,11/26/1980,1/14/2013,TANGERANG
POL-0090,M-003,M,10/17/1949,1/22/2013,TANGERANG
POL-0091,M-002,F,6/28/1974,10/22/2013,TANGERANG
POL-0092,M-002,F,1/16/1964,6/11/2012,TANGERANG
POL-0093,M-002,F,2/4/1971,11/28/2012,TANGERANG
POL-0094,M-003,F,3/16/1963,1/27/2012,TANGERANG
POL-0095,M-003,F,3/17/2009,3/15/2012,TANGERANG
POL-0096,M-002,M,1/28/1986,9/13/2012,TANGERANG
POL-0097,M-003,F,10/11/1952,3/28/2014,TANGERANG
POL-0098,M-002,M,8/30/1973,10/21/2013,TANGERANG
POL-0099,M-003,M,10/12/1964,12/18/2014,TANGERANG
POL-0100,M-002,M,7/9/1977,8/19/2013,TANGERANG
POL-0101,M-002,M,1/28/1961,7/2/2014,TANGERANG
POL-0102,M-003,F,4/3/1951,10/12/2012,TANGERANG
POL-0103,M-002,M,10/14/1969,6/26/2014,TANGERANG
POL-0104,M-002,M,11/15/1970,10/28/2013,TANGERANG
POL-0105,M-001,M,11/21/1969,10/10/2014,TANGERANG
POL-0106,M-003,M,11/15/1956,2/10/2014,TANGERANG
POL-0107,M-002,M,4/30/1949,1/28/2015,TANGERANG
POL-0108,M-003,M,8/6/1969,8/5/2014,TANGERANG
POL-0109,M-002,M,7/20/1977,6/17/2015,TANGERANG
POL-0110,M-002,M,10/18/1970,12/21/2015,TANGERANG
POL-0111,M-002,F,12/27/1965,3/17/2014,TANGERANG
POL-0112,M-003,F,9/23/1954,4/17/2014,TANGERANG
POL-0113,M-003,F,5/9/1944,9/3/2014,TANGERANG
POL-0114,M-003,M,3/4/1963,6/27/2014,TANGERANG
POL-0115,M-003,M,2/20/1969,11/26/2014,TANGERANG
POL-0116,M-003,M,8/22/1968,9/24/2014,TANGERANG
POL-0117,M-003,M,9/11/2001,9/24/2014,TANGERANG
POL-0118,M-003,F,7/3/1952,11/28/2014,TANGERANG
POL-0119,M-001,F,4/25/1980,1/11/2017,TANGERANG
POL-0120,M-003,F,4/26/1982,8/11/2016,TANGERANG
POL-0121,M-003,F,1/5/1947,8/19/2014,TANGERANG
POL-0122,M-001,F,9/20/1979,9/25/2015,TANGERANG
POL-0123,M-003,F,9/3/1975,11/20/2015,JAKARTA
POL-0124,M-002,F,11/26/2009,3/13/2017,JAKARTA
POL-0125,M-002,M,2/4/2014,3/13/2017,JAKARTA
POL-0126,M-002,F,4/2/1981,7/19/2017,JAKARTA
POL-0127,M-002,M,12/24/1973,7/19/2017,JAKARTA
POL-0128,M-002,M,5/28/1950,11/15/2016,TANGERANG
POL-0129,M-002,F,11/28/1967,7/25/2014,TANGERANG
POL-0130,M-002,M,9/4/1965,4/28/2015,TANGERANG
POL-0131,M-002,M,9/10/1996,4/28/2015,TANGERANG
POL-0132,M-001,F,1/15/1980,5/15/2015,TANGERANG
POL-0133,M-002,M,6/6/1961,4/28/2015,TANGERANG
POL-0134,M-003,M,6/2/1973,9/22/2016,JAKARTA
POL-0135,M-003,F,1/3/2001,11/13/2017,JAKARTA
POL-0136,M-002,F,7/8/2015,4/19/2016,TANGERANG
POL-0137,M-003,F,9/30/1956,3/15/2017,TANGERANG
POL-0138,M-003,F,1/18/1989,6/26/2015,TANGERANG
POL-0139,M-003,F,4/7/1960,10/28/2014,TANGERANG
POL-0140,M-002,F,6/15/1961,8/24/2016,TANGERANG
POL-0141,M-002,M,9/7/1974,8/26/2016,TANGERANG
POL-0142,M-003,M,8/18/1973,5/28/2017,TANGERANG
POL-0143,M-002,M,4/23/1983,9/20/2017,TANGERANG
POL-0144,M-003,F,7/7/1972,8/16/2013,TANGERANG
POL-0145,M-003,F,5/5/1973,6/28/2012,TANGERANG
POL-0146,M-003,F,12/30/1949,12/9/2011,TANGERANG
POL-0147,M-002,M,1/1/2003,2/28/2012,TANGERANG
POL-0148,M-003,F,9/1/2002,6/24/2014,TANGERANG
POL-0149,M-003,M,9/13/1977,8/14/2015,TANGERANG
POL-0150,M-003,F,12/1/1947,6/26/2015,TANGERANG
POL-0151,M-003,M,2/12/1947,8/24/2015,TANGERANG
POL-0152,M-003,M,7/20/1946,6/26/2015,TANGERANG
POL-0153,M-002,F,10/22/1961,11/14/2016,TANGERANG
POL-0154,M-003,F,10/28/1948,2/27/2015,TANGERANG
POL-0155,M-002,M,6/17/2017,9/20/2017,TANGERANG
POL-0156,M-002,F,3/14/1980,7/28/2017,TANGERANG
POL-0157,M-001,F,10/24/1959,3/27/2012,JAKARTA
POL-0158,M-002,M,10/31/1965,6/21/2012,JAKARTA
POL-0159,M-002,F,7/20/1952,11/28/2012,JAKARTA
POL-0160,M-002,F,12/8/1991,6/20/2012,JAKARTA
POL-0161,M-002,F,7/3/1979,6/20/2012,JAKARTA
POL-0162,M-002,F,7/5/1964,6/20/2012,JAKARTA
POL-0163,M-002,F,5/26/1983,6/22/2012,JAKARTA
POL-0164,M-002,F,1/11/1965,2/14/2012,JAKARTA
POL-0165,M-002,F,11/14/1953,11/25/2013,JAKARTA
POL-0166,M-003,F,9/19/1947,3/28/2012,JAKARTA
POL-0167,M-003,F,12/2/1967,7/24/2015,JAKARTA
POL-0168,M-003,F,9/11/1979,6/26/2015,JAKARTA
POL-0169,M-002,F,4/30/1950,5/28/2013,JAKARTA
POL-0170,M-002,M,4/9/1946,5/28/2013,JAKARTA
POL-0171,M-003,F,8/16/1949,4/28/2013,JAKARTA
POL-0172,M-002,F,3/23/1950,3/22/2013,JAKARTA
POL-0173,M-001,M,4/16/2013,1/26/2018,JAKARTA
POL-0174,M-003,M,1/25/1956,1/20/2014,JAKARTA
POL-0175,M-001,M,11/19/1969,12/28/2014,JAKARTA
POL-0176,M-001,F,2/20/1967,1/9/2015,JAKARTA
POL-0177,M-003,F,3/11/1951,9/18/2013,JAKARTA
POL-0178,M-002,M,10/19/1966,7/20/2012,JAKARTA
POL-0179,M-002,M,6/13/1967,6/10/2014,JAKARTA
POL-0180,M-003,F,2/11/1958,5/8/2013,JAKARTA
POL-0181,M-002,M,12/19/1947,7/24/2013,JAKARTA
POL-0182,M-003,F,7/18/1968,11/13/2013,JAKARTA
POL-0183,M-003,M,6/16/1946,9/18/2013,JAKARTA
POL-0184,M-001,M,9/27/1966,12/11/2013,JAKARTA
POL-0185,M-001,F,12/4/1962,11/26/2013,JAKARTA
POL-0186,M-003,F,10/28/1949,7/22/2015,JAKARTA
POL-0187,M-002,F,7/23/1948,7/19/2013,JAKARTA
POL-0188,M-003,F,10/27/1958,5/28/2015,JAKARTA
POL-0189,M-002,F,8/12/1941,8/1/2015,JAKARTA
POL-0190,M-003,M,8/25/1957,7/23/2015,JAKARTA
POL-0191,M-002,F,2/26/1946,5/26/2016,JAKARTA
POL-0192,M-002,M,7/25/1970,10/13/2015,JAKARTA
POL-0193,M-001,M,5/30/1968,2/28/2016,JAKARTA
POL-0194,M-002,F,11/30/1971,4/19/2016,JAKARTA
POL-0195,M-002,M,11/27/1970,4/12/2017,JAKARTA
POL-0196,M-002,M,7/16/1942,12/19/2017,JAKARTA
POL-0197,M-002,F,12/17/1952,9/28/2017,JAKARTA
POL-0198,M-002,M,9/13/1970,8/16/2017,JAKARTA
POL-0199,M-002,M,12/3/1959,8/28/2012,JAKARTA
POL-0200,M-002,M,10/7/1972,12/10/2013,JAKARTA
POL-0201,M-002,M,6/19/1948,4/23/2013,JAKARTA
POL-0202,M-003,F,7/29/1964,9/27/2012,JAKARTA
POL-0203,M-003,M,10/21/1947,10/11/2012,JAKARTA
POL-0204,M-003,F,9/15/1953,5/28/2012,JAKARTA
POL-0205,M-002,M,8/9/1960,4/22/2013,JAKARTA
POL-0206,M-002,F,3/24/1962,9/5/2012,JAKARTA
POL-0207,M-002,M,2/25/1948,2/3/2012,JAKARTA
POL-0208,M-002,M,8/13/1959,9/5/2012,JAKARTA
POL-0209,M-003,M,5/22/1944,11/28/2012,JAKARTA
POL-0210,M-002,M,12/23/1961,4/5/2012,JAKARTA
POL-0211,M-003,M,7/5/1948,6/8/2012,JAKARTA
POL-0212,M-001,M,3/31/1963,10/5/2012,JAKARTA
POL-0213,M-003,F,10/4/1954,2/20/2014,JAKARTA
POL-0214,M-003,M,1/8/1953,12/20/2013,JAKARTA
POL-0215,M-002,M,11/8/1955,8/19/2014,JAKARTA
POL-0216,M-003,F,4/17/1943,12/28/2013,JAKARTA
POL-0217,M-002,M,9/27/1979,4/15/2013,JAKARTA
POL-0218,M-002,M,12/31/1967,12/23/2013,JAKARTA
POL-0219,M-003,F,2/12/1948,6/14/2012,JAKARTA
POL-0220,M-003,F,5/15/1957,6/14/2012,JAKARTA
POL-0221,M-003,M,8/13/1968,4/28/2013,JAKARTA
POL-0222,M-003,F,9/25/1940,12/28/2013,JAKARTA
POL-0223,M-002,F,9/3/1970,5/19/2014,JAKARTA
POL-0224,M-001,F,12/28/1969,12/17/2014,JAKARTA
POL-0225,M-001,M,8/11/1967,2/23/2015,JAKARTA
POL-0226,M-001,M,3/23/1959,5/15/2015,JAKARTA
POL-0227,M-003,F,1/30/1962,9/24/2013,JAKARTA
POL-0228,M-002,M,3/15/1979,10/9/2014,JAKARTA
POL-0229,M-003,M,5/18/1939,10/16/2014,JAKARTA
POL-0230,M-003,F,9/21/1954,8/25/2014,JAKARTA
POL-0231,M-002,M,12/6/1955,4/28/2015,JAKARTA
POL-0232,M-002,M,1/12/2012,4/21/2015,JAKARTA
POL-0233,M-002,M,1/12/2007,9/9/2014,JAKARTA
POL-0234,M-003,F,8/24/1939,11/27/2014,JAKARTA
POL-0235,M-003,F,3/8/1961,6/13/2014,JAKARTA
POL-0236,M-002,F,6/19/1965,11/28/2014,JAKARTA
POL-0237,M-001,M,12/13/2004,2/18/2016,JAKARTA
POL-0238,M-002,F,7/10/2014,4/21/2015,JAKARTA
POL-0239,M-002,M,10/6/1970,8/13/2015,JAKARTA
POL-0240,M-002,F,5/10/1961,2/25/2016,JAKARTA
POL-0241,M-002,F,6/26/1978,7/9/2015,JAKARTA
POL-0242,M-002,M,10/18/1997,5/15/2015,JAKARTA
POL-0243,M-001,F,12/20/1982,2/18/2016,JAKARTA
POL-0244,M-002,F,3/9/1958,4/28/2015,JAKARTA
POL-0245,M-002,M,4/26/1958,4/28/2015,JAKARTA
POL-0246,M-003,M,4/9/1981,4/21/2015,JAKARTA
POL-0247,M-002,F,6/14/2009,4/21/2015,JAKARTA
POL-0248,M-002,F,7/5/1959,8/11/2016,JAKARTA
POL-0249,M-001,F,10/2/1956,9/28/2016,JAKARTA
POL-0250,M-002,M,1/10/1952,11/19/2015,JAKARTA
POL-0251,M-002,F,6/22/1977,8/13/2015,JAKARTA
POL-0252,M-002,F,12/8/1947,6/28/2015,JAKARTA
POL-0253,M-001,F,7/27/2009,2/18/2016,JAKARTA
POL-0254,M-002,M,5/10/1981,6/16/2016,JAKARTA
POL-0255,M-002,M,2/11/1968,8/12/2016,JAKARTA
POL-0256,M-001,M,4/12/1979,2/22/2016,JAKARTA
POL-0257,M-003,M,3/15/1946,2/27/2017,JAKARTA
POL-0258,M-003,M,10/1/1991,9/28/2016,JAKARTA
POL-0259,M-003,M,3/12/1983,12/15/2015,JAKARTA
POL-0260,M-003,M,2/3/1983,12/23/2016,JAKARTA
POL-0261,M-003,M,7/9/1940,6/23/2016,JAKARTA
POL-0262,M-002,M,7/27/1964,7/21/2016,JAKARTA
POL-0263,M-002,F,2/6/1962,11/28/2016,JAKARTA
POL-0264,M-003,M,5/8/1958,9/14/2017,JAKARTA
POL-0265,M-002,F,1/27/2011,6/6/2016,JAKARTA
POL-0266,M-002,M,3/9/2013,6/10/2016,JAKARTA
POL-0267,M-002,F,9/11/1949,12/10/2015,JAKARTA
POL-0268,M-002,M,3/31/1953,12/22/2015,JAKARTA
POL-0269,M-003,M,7/2/1957,5/26/2014,JAKARTA
POL-0270,M-002,M,4/30/1952,1/27/2014,JAKARTA
POL-0271,M-002,F,9/21/1964,2/6/2014,JAKARTA
POL-0272,M-002,F,9/8/1952,9/23/2013,JAKARTA
POL-0273,M-002,F,3/22/1962,1/24/2014,JAKARTA
POL-0274,M-002,F,8/10/1978,6/6/2016,JAKARTA
POL-0275,M-002,M,8/1/1976,6/6/2016,JAKARTA
POL-0276,M-003,F,5/28/1958,7/26/2016,JAKARTA
POL-0277,M-002,F,7/17/1964,7/21/2016,JAKARTA
POL-0278,M-002,F,7/11/1996,3/28/2017,JAKARTA
POL-0279,M-002,M,9/22/1975,1/28/2015,YOGYAKARTA
POL-0280,M-002,M,2/6/1951,2/28/2016,YOGYAKARTA
POL-0281,M-001,M,7/6/2017,7/26/2017,YOGYAKARTA
POL-0282,M-001,F,6/7/1961,10/28/2015,YOGYAKARTA
POL-0283,M-001,F,6/24/1972,3/5/2015,YOGYAKARTA
POL-0284,M-001,M,2/28/1957,2/12/2015,YOGYAKARTA
POL-0285,M-001,F,8/11/1973,2/9/2015,YOGYAKARTA
POL-0286,M-001,F,2/26/1961,12/28/2014,YOGYAKARTA
POL-0287,M-002,M,4/11/1951,7/2/2014,YOGYAKARTA
POL-0288,M-001,F,3/21/1996,12/16/2014,YOGYAKARTA
POL-0289,M-001,M,8/27/1994,12/16/2014,YOGYAKARTA
POL-0290,M-002,M,1/26/1990,2/23/2017,YOGYAKARTA
POL-0291,M-003,M,11/15/1959,9/7/2012,JAKARTA
POL-0292,M-002,F,5/30/1948,6/19/2013,JAKARTA
POL-0293,M-002,F,10/15/1945,7/28/2013,JAKARTA
POL-0294,M-002,F,6/28/1977,11/15/2016,JAKARTA
POL-0295,M-002,F,5/25/1946,5/28/2017,JAKARTA
POL-0296,M-002,F,5/9/1972,7/26/2017,JAKARTA
POL-0297,M-002,M,8/14/2001,3/11/2016,JAKARTA
POL-0298,M-001,M,3/10/1964,3/28/2017,JAKARTA
POL-0299,M-001,M,4/8/1958,1/23/2013,JAKARTA
POL-0300,M-002,F,8/17/1948,1/23/2013,JAKARTA
POL-0301,M-001,M,9/10/1971,1/23/2013,JAKARTA
POL-0302,M-002,M,1/26/1973,1/23/2013,JAKARTA
POL-0303,M-003,M,4/1/2012,5/25/2012,JAKARTA
POL-0304,M-002,F,2/13/1949,12/18/2012,JAKARTA
POL-0305,M-001,M,3/31/1968,12/18/2017,YOGYAKARTA
POL-0306,M-001,F,1/26/1988,7/28/2017,YOGYAKARTA
POL-0307,M-001,F,11/27/1971,12/15/2017,YOGYAKARTA
POL-0308,M-001,M,7/6/2017,7/26/2017,YOGYAKARTA
POL-0309,M-003,M,3/30/1965,6/26/2012,JAKARTA
POL-0310,M-002,F,5/3/1969,4/27/2015,JAKARTA
POL-0311,M-003,M,9/9/1950,3/28/2014,JAKARTA
POL-0312,M-001,F,3/26/1990,1/26/2017,JAKARTA
POL-0313,M-003,M,5/4/1991,11/12/2013,JAKARTA
POL-0314,M-001,F,4/28/1965,1/27/2017,JAKARTA
POL-0315,M-003,M,9/10/1984,8/24/2016,JAKARTA
POL-0316,M-002,M,4/8/1977,3/4/2015,JAKARTA
POL-0317,M-003,F,5/4/1956,4/27/2015,JAKARTA
POL-0318,M-002,M,4/19/1984,6/16/2017,JAKARTA
POL-0319,M-003,M,7/11/1956,1/20/2012,JAKARTA
POL-0320,M-003,F,6/22/1973,6/5/2012,JAKARTA
POL-0321,M-003,F,1/24/1967,7/24/2013,JAKARTA
POL-0322,M-002,M,1/23/1978,9/11/2014,JAKARTA
POL-0323,M-002,M,12/6/1969,6/25/2015,JAKARTA
POL-0324,M-002,F,7/27/1971,6/25/2015,JAKARTA
POL-0325,M-003,F,8/19/1984,10/7/2015,JAKARTA
POL-0326,M-002,F,9/30/1947,11/28/2015,JAKARTA
POL-0327,M-002,F,1/12/1974,3/5/2015,JAKARTA
POL-0328,M-002,F,5/28/1950,7/26/2016,JAKARTA
POL-0329,M-002,F,4/12/1951,2/16/2016,JAKARTA
POL-0330,M-001,M,5/18/1968,5/17/2017,JAKARTA
POL-0331,M-001,M,5/10/1963,5/9/2017,JAKARTA
POL-0332,M-001,F,12/10/1970,8/28/2017,JAKARTA
POL-0333,M-001,F,2/25/1978,11/16/2017,JAKARTA
POL-0334,M-003,F,5/29/1973,1/28/2013,JAKARTA
POL-0335,M-003,F,2/19/1979,1/19/2012,JAKARTA
POL-0336,M-003,M,5/18/1973,3/22/2012,JAKARTA
POL-0337,M-003,F,4/18/1974,3/26/2012,JAKARTA
POL-0338,M-003,M,6/4/1970,7/28/2012,JAKARTA
POL-0339,M-003,M,5/23/1951,7/19/2013,JAKARTA
POL-0340,M-002,M,10/6/1978,6/24/2015,JAKARTA
POL-0341,M-002,M,9/24/2004,6/24/2015,JAKARTA
POL-0342,M-002,M,1/18/1971,5/28/2015,JAKARTA
POL-0343,M-002,F,7/9/1947,11/17/2015,JAKARTA
POL-0344,M-002,M,6/26/1975,4/22/2015,JAKARTA
POL-0345,M-003,F,3/14/2013,12/16/2014,JAKARTA
POL-0346,M-002,F,8/17/1971,5/28/2015,JAKARTA
POL-0347,M-002,F,2/25/1972,5/27/2015,JAKARTA
POL-0348,M-003,F,1/15/1943,6/14/2012,JAKARTA
POL-0349,M-003,F,11/28/1953,12/18/2014,JAKARTA
POL-0350,M-003,M,2/24/1967,6/21/2016,JAKARTA
POL-0351,M-002,M,3/17/1958,12/23/2016,JAKARTA
POL-0352,M-002,F,11/24/1953,1/28/2014,JAKARTA
POL-0353,M-002,M,10/10/1970,5/10/2013,JAKARTA
POL-0354,M-002,F,4/23/2008,4/28/2014,JAKARTA
POL-0355,M-002,M,8/17/1969,2/18/2015,JAKARTA
POL-0356,M-003,F,1/18/1958,6/14/2013,JAKARTA
POL-0357,M-003,F,10/7/1942,9/23/2013,JAKARTA
POL-0358,M-001,F,8/26/1987,1/22/2014,JAKARTA
POL-0359,M-002,F,2/14/1967,6/18/2012,JAKARTA
POL-0360,M-003,F,12/16/1947,9/16/2013,JAKARTA
POL-0361,M-003,F,12/5/1977,2/17/2014,JAKARTA
POL-0362,M-002,M,6/4/1969,12/15/2014,JAKARTA
POL-0363,M-003,F,7/20/1963,3/19/2013,JAKARTA
POL-0364,M-002,F,8/21/1947,3/27/2013,JAKARTA
POL-0365,M-003,M,10/23/1954,5/28/2013,JAKARTA
POL-0366,M-003,M,9/4/1985,3/8/2013,JAKARTA
POL-0367,M-003,F,12/31/1962,12/18/2013,JAKARTA
POL-0368,M-002,M,11/8/1983,7/23/2013,JAKARTA
POL-0369,M-003,F,4/9/1956,5/28/2013,JAKARTA
POL-0370,M-002,F,7/21/1968,2/28/2013,JAKARTA
POL-0371,M-002,M,7/24/1974,3/14/2013,JAKARTA
POL-0372,M-002,M,7/22/1963,12/20/2011,JAKARTA
POL-0373,M-001,M,3/3/2005,12/27/2011,JAKARTA
POL-0374,M-001,M,9/2/1976,12/27/2011,JAKARTA
POL-0375,M-001,F,11/18/1976,12/26/2011,JAKARTA
POL-0376,M-001,F,10/7/1948,12/5/2011,JAKARTA
POL-0377,M-001,M,4/8/2002,12/27/2011,JAKARTA
POL-0378,M-003,M,10/24/1948,7/28/2013,JAKARTA
POL-0379,M-002,M,10/3/1944,2/28/2012,BANDUNG
POL-0380,M-003,F,6/2/1960,3/10/2014,BANDUNG
POL-0381,M-002,F,4/24/1955,10/28/2014,BANDUNG
POL-0382,M-002,M,12/14/1972,3/13/2014,BANDUNG
POL-0383,M-003,M,6/20/1976,8/10/2016,BANDUNG
POL-0384,M-001,F,11/25/2012,12/10/2015,BANDUNG
POL-0385,M-003,M,4/17/1974,8/11/2016,BANDUNG
POL-0386,M-003,F,5/14/1978,8/10/2016,BANDUNG
POL-0387,M-003,M,6/3/1980,8/10/2016,BANDUNG
POL-0388,M-002,M,9/29/1962,2/28/2013,JAKARTA
POL-0389,M-003,M,12/17/1957,12/8/2011,JAKARTA
POL-0390,M-003,F,5/28/1976,3/24/2015,BANDUNG
POL-0391,M-003,M,11/5/1972,3/24/2015,BANDUNG
POL-0392,M-003,M,1/1/1979,2/4/2015,BANDUNG
POL-0393,M-003,M,6/21/1978,9/6/2013,BANDUNG
POL-0394,M-002,M,11/15/1969,8/9/2017,BANDUNG
POL-0395,M-002,F,1/17/1968,9/27/2017,BANDUNG
POL-0396,M-002,M,4/13/1969,1/28/2017,PALU
POL-0397,M-002,F,12/19/1976,1/28/2017,PALU
POL-0398,M-002,F,2/21/1971,11/27/2013,PALU
POL-0399,M-002,M,9/12/1975,9/26/2013,PALU
POL-0400,M-002,M,12/15/1992,6/23/2015,PALU
POL-0401,M-002,M,9/3/1967,11/28/2014,PALU
POL-0402,M-002,M,8/8/1953,7/28/2012,PALU
POL-0403,M-002,M,8/22/1964,6/13/2012,PALU
POL-0404,M-002,F,6/14/1966,9/20/2013,PALU
POL-0405,M-002,M,2/13/1973,6/20/2013,PALU
POL-0406,M-002,M,3/1/1976,2/19/2013,PALU
POL-0407,M-002,M,5/28/1957,5/22/2012,TANGERANG
POL-0408,M-003,M,3/29/1976,12/10/2013,BANDUNG
POL-0409,M-003,M,4/26/1971,2/20/2014,BANDUNG
POL-0410,M-002,M,1/9/1947,8/28/2015,SORONG
POL-0411,M-003,M,2/22/1972,2/21/2016,JAKARTA
POL-0412,M-003,F,9/19/1985,4/4/2016,JAKARTA
POL-0413,M-003,F,8/1/1981,1/26/2015,JAKARTA
POL-0414,M-003,F,8/30/2003,1/26/2015,JAKARTA
POL-0415,M-002,M,6/7/1973,3/16/2015,PALU
POL-0416,M-001,M,6/16/1964,3/28/2015,PALU
POL-0417,M-002,M,5/30/1994,5/18/2015,PALU
POL-0418,M-002,M,10/14/1974,4/12/2013,PALU
POL-0419,M-002,F,4/10/1967,3/28/2014,PALU
POL-0420,M-002,M,7/30/1999,4/10/2013,PALU
POL-0421,M-002,M,5/2/1971,3/28/2017,PALU
POL-0422,M-003,M,8/24/1976,8/28/2015,PALU
POL-0423,M-002,M,4/24/1989,11/18/2016,PALU
POL-0424,M-002,F,5/17/1964,9/28/2013,PALU
POL-0425,M-002,F,1/22/1979,8/28/2015,PALU
POL-0426,M-002,M,6/7/1958,5/28/2014,PALU
POL-0427,M-003,M,7/9/1985,11/28/2015,SORONG
POL-0428,M-002,F,2/25/1947,8/21/2015,SORONG
POL-0429,M-001,M,1/6/1969,10/22/2013,SORONG
POL-0430,M-002,M,12/14/1947,8/23/2016,SORONG
POL-0431,M-002,M,12/22/1974,4/7/2017,SORONG
POL-0432,M-001,M,3/28/1960,4/27/2012,JAKARTA
POL-0433,M-002,F,6/19/1953,6/8/2017,JAKARTA
POL-0434,M-003,M,4/14/1971,12/6/2013,JAKARTA
POL-0435,M-002,F,2/16/1951,3/4/2015,JAKARTA
POL-0436,M-001,F,11/8/1963,10/22/2015,JAKARTA
POL-0437,M-001,M,10/3/1993,10/26/2015,JAKARTA
POL-0438,M-001,F,10/12/1973,10/23/2015,JAKARTA
POL-0439,M-001,M,6/24/1981,1/28/2014,JAKARTA
POL-0440,M-003,M,7/19/1947,6/26/2013,JAKARTA
POL-0441,M-001,F,11/26/1964,11/25/2013,JAKARTA
POL-0442,M-002,F,4/1/1971,7/25/2014,JAKARTA
POL-0443,M-002,F,3/28/1974,7/7/2014,JAKARTA
POL-0444,M-003,F,6/16/1954,9/28/2016,JAKARTA
POL-0445,M-001,F,3/2/1976,1/26/2017,MAKASSAR
POL-0446,M-002,F,2/13/1966,4/21/2017,MAKASSAR
POL-0447,M-002,F,8/17/1977,12/21/2016,MAKASSAR
POL-0448,M-002,M,3/9/2017,9/28/2017,MAKASSAR
POL-0449,M-003,M,5/11/1952,4/20/2017,MAKASSAR
POL-0450,M-002,M,9/17/2007,2/27/2017,MAKASSAR
POL-0451,M-002,M,4/4/2017,6/5/2017,JAKARTA
POL-0452,M-003,F,7/31/1999,8/9/2017,JAKARTA
POL-0453,M-002,F,8/23/1958,9/22/2017,JAKARTA
POL-0454,M-001,M,3/12/1972,6/16/2016,JAKARTA
POL-0455,M-003,F,1/18/2005,9/28/2015,JAKARTA
POL-0456,M-003,M,4/6/2008,9/28/2015,JAKARTA
POL-0457,M-001,F,10/8/1969,3/17/2016,MAKASSAR
POL-0458,M-002,F,8/9/2009,2/27/2017,MAKASSAR
POL-0459,M-002,F,1/26/1956,2/12/2016,MAKASSAR
POL-0460,M-003,F,9/10/1962,7/14/2016,MAKASSAR
POL-0461,M-002,F,3/18/1968,12/28/2015,MAKASSAR
POL-0462,M-001,M,7/10/1986,9/26/2013,MAKASSAR
POL-0463,M-002,F,8/8/1962,6/3/2015,MAKASSAR
POL-0464,M-003,M,5/9/1979,11/18/2015,MAKASSAR
POL-0465,M-002,M,3/13/1957,7/23/2015,MAKASSAR
POL-0466,M-001,F,11/5/1983,2/24/2015,MAKASSAR
POL-0467,M-001,F,5/26/1979,2/27/2015,MAKASSAR
POL-0468,M-002,M,5/16/1949,12/18/2015,MAKASSAR
POL-0469,M-002,M,9/14/1962,7/25/2014,MAKASSAR
POL-0470,M-002,M,3/15/1998,8/22/2014,MAKASSAR
POL-0471,M-002,M,3/6/2006,8/22/2014,MAKASSAR
POL-0472,M-002,M,9/12/2008,8/22/2014,MAKASSAR
POL-0473,M-002,F,3/9/1980,12/4/2013,MAKASSAR
POL-0474,M-002,F,2/10/1969,12/28/2013,MAKASSAR
POL-0475,M-002,M,9/27/1967,6/24/2014,MAKASSAR
POL-0476,M-001,F,3/4/1981,9/28/2012,MAKASSAR
POL-0477,M-002,F,2/11/1990,12/28/2013,MAKASSAR
POL-0478,M-002,F,10/31/1954,9/28/2012,MAKASSAR
POL-0479,M-001,M,9/27/1957,6/28/2016,MAKASSAR
POL-0480,M-002,F,12/11/1949,8/9/2016,MAKASSAR
POL-0481,M-002,F,7/7/1951,8/9/2016,MAKASSAR
POL-0482,M-002,M,11/16/1954,3/17/2017,MAKASSAR
POL-0483,M-002,M,10/20/1949,3/28/2017,MAKASSAR
POL-0484,M-001,F,7/26/2015,6/28/2016,MAKASSAR
POL-0485,M-002,F,4/25/1948,8/28/2016,MAKASSAR
POL-0486,M-002,F,2/13/1988,10/9/2017,MAKASSAR
POL-0487,M-003,F,7/27/1979,10/23/2015,JAKARTA
POL-0488,M-002,M,10/5/1956,1/18/2016,JAKARTA
POL-0489,M-003,F,6/27/1977,9/28/2015,JAKARTA
POL-0490,M-002,M,12/28/1991,1/7/2016,JAKARTA
POL-0491,M-003,F,5/3/1983,6/28/2016,JAKARTA
POL-0492,M-002,M,9/8/1977,3/28/2016,JAKARTA
POL-0493,M-002,F,6/1/1979,3/28/2016,JAKARTA
POL-0494,M-002,F,3/6/1965,10/16/2015,JAKARTA
POL-0495,M-001,M,1/27/1975,10/23/2013,JAKARTA
POL-0496,M-003,F,9/16/1994,6/16/2015,JAKARTA
POL-0497,M-002,M,4/4/1978,10/28/2012,JAKARTA
POL-0498,M-001,F,7/27/1977,10/23/2013,JAKARTA
POL-0499,M-003,F,5/21/1957,2/17/2014,JAKARTA
POL-0500,M-003,F,10/14/1946,11/21/2014,JAKARTA
POL-0501,M-002,M,9/14/2007,8/28/2015,JAKARTA
POL-0502,M-002,M,6/6/1993,1/7/2016,JAKARTA
POL-0503,M-003,F,6/14/1976,9/10/2015,JAKARTA
POL-0504,M-002,F,9/8/2005,8/28/2015,JAKARTA
POL-0505,M-002,M,6/9/1973,8/28/2015,JAKARTA
POL-0506,M-003,M,11/13/1947,3/21/2012,JAKARTA
POL-0507,M-003,F,2/17/1966,5/28/2012,JAKARTA
POL-0508,M-002,F,1/16/1957,2/7/2012,JAKARTA
POL-0509,M-003,F,5/22/1964,9/4/2012,JAKARTA
POL-0510,M-002,M,5/26/1966,1/10/2013,JAKARTA
POL-0511,M-002,M,6/28/1970,2/26/2013,JAKARTA
POL-0512,M-002,F,3/27/1970,8/3/2012,JAKARTA
POL-0513,M-003,M,7/5/1985,12/10/2012,JAKARTA
POL-0514,M-002,M,12/10/2011,12/5/2013,JAKARTA
POL-0515,M-002,M,10/8/1968,10/4/2012,JAKARTA
POL-0516,M-002,M,8/22/1976,3/28/2014,JAKARTA
POL-0517,M-003,F,10/18/1946,8/28/2012,JAKARTA
POL-0518,M-002,M,10/1/1978,10/28/2012,JAKARTA
POL-0519,M-002,M,8/6/1978,5/24/2013,JAKARTA
POL-0520,M-002,M,7/26/2003,12/3/2013,JAKARTA
POL-0521,M-003,F,5/3/1983,3/6/2013,JAKARTA
POL-0522,M-002,F,9/24/1978,10/28/2012,JAKARTA
POL-0523,M-003,M,4/25/1964,9/27/2013,JAKARTA
POL-0524,M-002,M,12/22/2000,1/28/2014,JAKARTA
POL-0525,M-001,M,2/8/1974,2/5/2014,JAKARTA
POL-0526,M-002,M,4/29/2003,1/28/2014,JAKARTA
POL-0527,M-002,F,12/11/1951,4/28/2013,JAKARTA
POL-0528,M-002,F,7/8/2005,1/28/2014,JAKARTA
POL-0529,M-001,F,9/30/1972,6/28/2013,JAKARTA
POL-0530,M-003,M,11/11/1958,4/10/2013,JAKARTA
POL-0531,M-003,M,12/6/1954,10/27/2014,JAKARTA
POL-0532,M-002,F,2/6/1942,5/17/2016,JAKARTA
POL-0533,M-002,F,10/26/1963,12/28/2014,JAKARTA
POL-0534,M-002,M,4/16/1944,5/17/2016,JAKARTA
POL-0535,M-003,F,3/13/1985,5/10/2013,JAKARTA
POL-0536,M-002,F,8/20/1964,9/25/2012,JAKARTA
POL-0537,M-003,M,5/17/1967,6/14/2012,JAKARTA
POL-0538,M-003,M,8/7/1962,11/27/2012,JAKARTA
POL-0539,M-003,M,12/20/1978,4/28/2013,JAKARTA
POL-0540,M-003,M,7/15/1966,2/15/2013,JAKARTA
POL-0541,M-003,F,2/6/1965,10/2/2017,JAKARTA
POL-0542,M-003,F,10/11/1968,8/15/2013,JAKARTA
POL-0543,M-003,F,9/8/1957,7/8/2013,JAKARTA
POL-0544,M-003,M,10/1/1983,9/15/2014,JAKARTA
POL-0545,M-003,M,8/17/1966,7/19/2013,JAKARTA
POL-0546,M-003,M,5/16/1954,3/27/2015,JAKARTA
POL-0547,M-003,M,10/27/1956,3/27/2015,JAKARTA
POL-0548,M-003,M,5/15/1994,8/28/2016,JAKARTA
POL-0549,M-002,F,2/7/1984,1/27/2016,JAKARTA
POL-0550,M-003,M,8/11/1964,11/4/2016,JAKARTA
POL-0551,M-002,M,3/6/1955,9/21/2015,JAKARTA
POL-0552,M-002,F,3/4/1987,3/28/2016,JAKARTA
POL-0553,M-002,M,4/11/1982,11/28/2016,JAKARTA
POL-0554,M-002,F,5/4/1951,12/19/2017,JAKARTA
POL-0555,M-002,M,5/20/1948,12/19/2017,JAKARTA
POL-0556,M-001,M,11/2/1964,8/19/2016,JAKARTA
POL-0557,M-003,F,11/30/1956,12/28/2016,JAKARTA
POL-0558,M-002,F,5/18/1980,8/27/2013,JAKARTA
POL-0559,M-003,F,12/26/1972,5/28/2014,JAKARTA
POL-0560,M-002,M,10/27/1972,11/22/2016,JAKARTA
POL-0561,M-003,M,3/5/1996,6/28/2013,JAKARTA
POL-0562,M-003,F,1/17/1998,12/18/2012,JAKARTA
POL-0563,M-003,F,3/19/1966,2/20/2014,JAKARTA
POL-0564,M-003,M,8/8/1960,8/14/2012,JAKARTA
POL-0565,M-003,M,6/26/1964,1/28/2018,JAKARTA
POL-0566,M-002,M,9/19/1948,1/28/2018,JAKARTA
POL-0567,M-002,M,2/15/1970,6/15/2016,LAMPUNG
POL-0568,M-003,F,4/6/1953,9/26/2013,JAKARTA
POL-0569,M-003,F,8/7/2000,12/3/2013,JAKARTA
POL-0570,M-003,F,12/5/1960,3/28/2016,JAKARTA
POL-0571,M-002,F,8/29/1966,11/28/2014,JAKARTA
POL-0572,M-003,F,12/30/1952,3/28/2016,JAKARTA
POL-0573,M-003,F,8/5/1976,11/25/2016,JAKARTA
POL-0574,M-003,F,10/26/1957,3/28/2016,JAKARTA
POL-0575,M-003,M,10/28/2002,3/20/2017,JAKARTA
POL-0576,M-002,M,5/12/1987,5/28/2017,JAKARTA
POL-0577,M-002,M,5/3/1965,1/28/2018,TANGERANG
POL-0578,M-002,M,4/27/1955,1/13/2017,BANDUNG
POL-0579,M-003,F,2/5/1983,4/27/2017,BANDUNG
POL-0580,M-001,F,1/15/1962,8/9/2017,BANDUNG
POL-0581,M-003,F,3/28/1960,11/28/2017,BANDUNG
POL-0582,M-002,M,1/2/1988,6/3/2016,BANDUNG
POL-0583,M-002,F,9/24/1957,6/28/2015,BANDUNG
POL-0584,M-002,M,8/19/1953,12/11/2015,BANDUNG
POL-0585,M-002,F,11/28/1948,5/28/2015,BANDUNG
POL-0586,M-001,M,3/1/1964,12/28/2015,BANDUNG
POL-0587,M-001,M,9/2/1957,7/28/2015,BANDUNG
POL-0588,M-002,F,10/24/1951,12/15/2014,BANDUNG
POL-0589,M-003,M,2/28/1952,9/25/2012,BANDUNG
POL-0590,M-003,M,10/19/1956,7/17/2012,BANDUNG
POL-0591,M-002,M,1/23/1996,12/28/2011,BANDUNG
POL-0592,M-003,F,8/2/1969,8/1/2013,BANDUNG
POL-0593,M-002,M,9/15/1949,5/26/2014,BANDUNG
POL-0594,M-002,M,7/22/1994,4/8/2013,BANDUNG
POL-0595,M-003,F,1/14/1956,10/23/2012,BANDUNG
POL-0596,M-003,M,7/16/1957,7/13/2013,BANDUNG
POL-0597,M-002,F,8/11/1986,3/12/2012,BANDUNG
POL-0598,M-002,F,4/29/1965,4/8/2013,BANDUNG
POL-0599,M-003,F,8/25/1977,5/22/2013,BANDUNG
POL-0600,M-001,M,11/2/1955,6/28/2012,BANDUNG
POL-0601,M-002,M,1/27/1963,8/28/2013,BANDUNG
POL-0602,M-002,M,10/4/1969,1/12/2017,BANDUNG
POL-0603,M-002,M,7/29/1952,8/22/2016,TANGERANG
POL-0604,M-002,F,10/28/1972,6/28/2016,TANGERANG
POL-0605,M-002,F,12/17/1965,6/27/2016,JAKARTA
POL-0606,M-003,F,10/30/1977,1/27/2015,JAKARTA
POL-0607,M-003,F,10/29/1972,1/24/2017,TANGERANG
POL-0608,M-002,M,10/24/1955,2/25/2015,JAKARTA
POL-0609,M-003,M,8/2/1955,1/9/2018,TANGERANG
POL-0610,M-002,M,12/8/1954,12/5/2016,TANGERANG
POL-0611,M-002,M,1/25/1955,1/24/2017,TANGERANG
POL-0612,M-002,F,11/14/1990,6/19/2017,TANGERANG
POL-0613,M-001,F,5/11/2017,6/20/2017,TANGERANG
POL-0614,M-003,F,4/10/1951,11/6/2014,TANGERANG
POL-0615,M-003,F,11/17/1978,9/28/2013,TANGERANG
POL-0616,M-002,M,11/29/1940,4/17/2015,BANDUNG
POL-0617,M-002,F,8/26/1948,4/17/2015,BANDUNG
POL-0618,M-001,M,8/11/1989,9/26/2013,BANDUNG
POL-0619,M-003,M,3/22/1967,4/26/2017,TANGERANG
POL-0620,M-002,M,12/24/1972,11/27/2017,TANGERANG
POL-0621,M-001,M,5/25/1955,9/14/2017,TANGERANG
POL-0622,M-002,F,10/17/1967,8/24/2016,BALIKPAPAN
POL-0623,M-002,M,10/11/1990,11/28/2017,BALIKPAPAN
POL-0624,M-002,F,9/22/2015,5/28/2016,BALIKPAPAN
POL-0625,M-002,M,6/23/1992,4/21/2015,BALIKPAPAN
POL-0626,M-002,M,12/21/1995,11/15/2016,BALIKPAPAN
POL-0627,M-003,M,3/16/2016,6/13/2016,BALIKPAPAN
POL-0628,M-002,F,11/27/1998,11/14/2016,BALIKPAPAN
POL-0629,M-002,F,7/17/1991,11/28/2014,BALIKPAPAN
POL-0630,M-003,F,8/1/2013,11/14/2014,BALIKPAPAN
POL-0631,M-003,F,3/17/1951,7/28/2013,TANGERANG
POL-0632,M-002,M,5/31/1943,7/26/2012,TANGERANG
POL-0633,M-002,F,2/15/1970,4/25/2012,TANGERANG
POL-0634,M-003,M,2/3/1964,4/25/2012,TANGERANG
POL-0635,M-002,M,9/24/1957,9/19/2014,JAKARTA
POL-0636,M-002,M,12/24/1964,12/28/2015,JAKARTA
POL-0637,M-003,F,2/17/1986,4/24/2014,JAKARTA
POL-0638,M-002,F,10/15/1954,2/20/2014,JAKARTA
POL-0639,M-003,F,9/16/1956,12/24/2014,JAKARTA
POL-0640,M-003,M,9/16/2002,7/25/2016,TANGERANG
POL-0641,M-002,M,9/23/1985,8/7/2016,TANGERANG
POL-0642,M-002,F,4/15/1982,11/25/2016,TANGERANG
POL-0643,M-003,M,5/28/1948,10/5/2016,JAKARTA
POL-0644,M-001,M,8/14/1948,8/9/2017,JAKARTA
POL-0645,M-002,M,7/8/1954,4/22/2015,JAKARTA
POL-0646,M-002,M,6/1/1952,10/24/2017,JAKARTA
POL-0647,M-002,M,10/21/1993,11/24/2017,JAKARTA
POL-0648,M-002,F,10/31/1963,10/24/2017,JAKARTA
POL-0649,M-002,M,8/10/1979,11/24/2016,TANGERANG
POL-0650,M-003,M,10/18/2009,5/28/2017,TANGERANG
POL-0651,M-001,M,3/6/1954,10/21/2014,TANGERANG
POL-0652,M-002,M,10/9/2012,12/3/2015,TANGERANG
POL-0653,M-002,M,1/2/1963,4/17/2015,TANGERANG
POL-0654,M-002,F,3/19/1997,2/26/2015,TANGERANG
POL-0655,M-002,M,5/29/1972,10/22/2014,TANGERANG
POL-0656,M-001,M,8/29/1951,9/28/2014,TANGERANG
POL-0657,M-002,M,5/6/1979,7/11/2014,TANGERANG
POL-0658,M-002,M,10/4/1994,2/27/2015,TANGERANG
POL-0659,M-002,F,5/5/2000,2/26/2015,TANGERANG
POL-0660,M-002,M,5/4/1965,2/26/2015,TANGERANG
POL-0661,M-002,F,8/29/1979,4/28/2015,TANGERANG
POL-0662,M-002,M,11/18/1956,12/11/2015,TANGERANG
POL-0663,M-002,M,5/28/1954,7/26/2016,TANGERANG
POL-0664,M-002,M,11/1/1966,4/27/2015,TANGERANG
POL-0665,M-002,F,2/1/2014,11/26/2015,TANGERANG
POL-0666,M-002,M,9/26/1987,12/3/2015,TANGERANG
POL-0667,M-003,F,7/12/1944,4/7/2016,TANGERANG
POL-0668,M-002,F,7/28/2010,2/15/2016,TANGERANG
POL-0669,M-002,M,12/29/1966,3/21/2016,TANGERANG
POL-0670,M-002,F,9/23/1988,12/3/2015,TANGERANG
POL-0671,M-002,F,3/15/1972,4/16/2015,TANGERANG
POL-0672,M-003,F,5/16/1949,7/9/2015,TANGERANG
POL-0673,M-002,F,7/6/1964,6/6/2016,TANGERANG
POL-0674,M-002,M,12/27/1983,5/22/2014,TANGERANG
POL-0675,M-002,F,12/9/1982,7/11/2014,TANGERANG
POL-0676,M-002,F,4/16/1958,4/23/2014,TANGERANG
POL-0677,M-003,F,9/23/1949,10/23/2012,TANGERANG
POL-0678,M-002,M,11/19/1943,3/8/2013,TANGERANG
POL-0679,M-002,M,8/29/1954,6/28/2013,TANGERANG
POL-0680,M-003,F,4/9/1956,2/6/2013,TANGERANG
POL-0681,M-003,F,3/23/1972,4/25/2017,TANGERANG
POL-0682,M-001,M,5/19/1988,3/24/2017,TANGERANG
POL-0683,M-003,M,9/29/1952,4/21/2016,TANGERANG
POL-0684,M-001,M,8/8/1975,5/23/2016,TANGERANG
POL-0685,M-003,M,9/25/1972,10/28/2016,TANGERANG
POL-0686,M-001,F,3/22/1945,3/18/2016,TANGERANG
POL-0687,M-002,F,1/20/1972,7/4/2013,TANGERANG
POL-0688,M-001,F,5/15/1983,3/24/2017,TANGERANG
POL-0689,M-002,M,11/1/1962,9/18/2013,TANGERANG
POL-0690,M-002,M,11/8/1953,10/10/2013,TANGERANG
POL-0691,M-002,F,3/22/1958,10/10/2013,TANGERANG
POL-0692,M-003,F,9/22/1941,7/10/2013,TANGERANG
POL-0693,M-003,M,2/18/1967,5/15/2015,TANGERANG
POL-0694,M-002,M,3/4/1986,6/16/2014,TANGERANG
POL-0695,M-002,F,10/5/1958,5/15/2015,TANGERANG
POL-0696,M-002,M,2/7/1978,6/24/2014,TANGERANG
POL-0697,M-001,F,11/3/1968,12/12/2017,JAKARTA
POL-0698,M-001,F,5/15/1963,11/4/2016,JAKARTA
POL-0699,M-001,F,5/4/1967,9/23/2016,JAKARTA
POL-0700,M-003,F,5/25/1986,11/28/2016,SURABAYA
POL-0701,M-003,F,11/4/1987,4/28/2015,SURABAYA
POL-0702,M-002,F,2/28/1966,1/25/2018,SURABAYA
POL-0703,M-002,M,6/22/1976,5/28/2017,JAKARTA
POL-0704,M-003,F,6/7/1958,12/14/2017,SURABAYA
POL-0705,M-002,M,1/12/1978,10/28/2017,SURABAYA
POL-0706,M-003,F,8/18/1969,9/19/2017,SURABAYA
POL-0707,M-003,M,4/15/1952,9/23/2014,SURABAYA
POL-0708,M-002,F,9/4/1972,12/17/2014,SURABAYA
POL-0709,M-002,M,7/21/1954,10/27/2017,SURABAYA
POL-0710,M-003,M,4/11/1988,4/28/2015,SURABAYA
POL-0711,M-003,F,3/12/1961,9/8/2015,SURABAYA
POL-0712,M-003,F,7/24/1962,5/13/2015,SURABAYA
POL-0713,M-003,M,1/15/1957,1/28/2013,SURABAYA
POL-0714,M-002,M,4/18/1992,12/23/2015,SURABAYA
POL-0715,M-002,F,11/20/1988,4/24/2015,SURABAYA
POL-0716,M-002,F,1/22/1971,3/17/2017,SURABAYA
POL-0717,M-001,F,7/6/1946,6/6/2017,SURABAYA
POL-0718,M-002,F,3/29/1987,10/21/2015,SURABAYA
POL-0719,M-002,M,7/13/1976,1/22/2014,SURABAYA
POL-0720,M-003,F,3/8/2010,7/14/2014,SURABAYA
POL-0721,M-002,F,1/29/1968,10/28/2014,SURABAYA
POL-0722,M-002,F,3/22/1979,9/28/2014,SURABAYA
POL-0723,M-003,M,4/27/2008,7/14/2014,SURABAYA
POL-0724,M-002,F,7/30/1983,7/10/2013,SURABAYA
POL-0725,M-003,F,9/17/1967,3/17/2014,SURABAYA
POL-0726,M-002,M,11/22/1988,7/18/2013,SURABAYA
POL-0727,M-003,M,5/13/1963,1/24/2014,SURABAYA
POL-0728,M-002,M,11/22/1982,7/23/2013,SURABAYA
POL-0729,M-003,F,5/22/1951,11/13/2014,SURABAYA
POL-0730,M-003,F,7/10/1981,6/27/2015,SURABAYA
POL-0731,M-003,F,6/20/1972,7/11/2014,SURABAYA
POL-0732,M-002,F,1/7/1952,2/15/2013,SURABAYA
POL-0733,M-002,M,11/13/1960,6/25/2015,SURABAYA
POL-0734,M-003,F,4/22/1954,5/12/2014,SURABAYA
POL-0735,M-001,M,9/17/1977,12/5/2012,SURABAYA
POL-0736,M-002,F,4/17/1973,4/11/2014,SURABAYA
POL-0737,M-002,M,12/9/1951,12/24/2013,SURABAYA
POL-0738,M-002,M,9/30/1976,2/12/2013,SURABAYA
POL-0739,M-002,M,4/13/1949,2/12/2013,SURABAYA
POL-0740,M-002,M,8/4/1957,9/28/2013,SURABAYA
POL-0741,M-002,M,3/7/1988,1/28/2015,SURABAYA
POL-0742,M-001,F,1/25/1961,5/15/2017,SURABAYA
POL-0743,M-003,M,10/5/2013,4/18/2017,SURABAYA
POL-0744,M-002,F,11/24/1968,10/6/2016,SURABAYA
POL-0745,M-003,F,2/22/1955,7/25/2014,SURABAYA
POL-0746,M-003,M,6/5/1949,7/25/2014,SURABAYA
POL-0747,M-002,M,9/25/1970,2/27/2016,SURABAYA
POL-0748,M-003,M,4/1/1988,4/28/2016,SURABAYA
POL-0749,M-003,M,12/25/1991,8/11/2015,SURABAYA
POL-0750,M-003,M,3/20/1962,9/15/2015,SURABAYA
POL-0751,M-002,M,9/26/1957,12/28/2015,SURABAYA
POL-0752,M-002,F,7/17/1963,12/28/2015,SURABAYA
POL-0753,M-002,M,8/11/1953,8/8/2016,SURABAYA
POL-0754,M-002,F,7/9/1987,3/26/2015,SURABAYA
POL-0755,M-002,M,2/25/1964,12/9/2014,SURABAYA
POL-0756,M-002,M,12/19/1997,12/9/2014,SURABAYA
POL-0757,M-003,F,11/5/2012,10/21/2016,SURABAYA
POL-0758,M-003,M,10/3/1971,9/25/2015,SURABAYA
POL-0759,M-003,M,6/22/1969,9/25/2015,SURABAYA
POL-0760,M-002,M,6/6/1993,3/26/2015,SURABAYA
POL-0761,M-001,M,10/17/1979,1/28/2016,SURABAYA
POL-0762,M-002,F,11/10/1964,6/11/2013,SURABAYA
POL-0763,M-002,F,6/23/1963,3/26/2015,SURABAYA
POL-0764,M-003,M,10/19/1955,12/9/2014,SURABAYA
POL-0765,M-002,M,4/28/1996,9/23/2014,SURABAYA
POL-0766,M-003,F,12/27/1959,11/24/2014,SURABAYA
POL-0767,M-002,F,3/12/1969,9/23/2014,SURABAYA
POL-0768,M-002,M,3/6/1966,9/23/2014,SURABAYA
POL-0769,M-003,M,6/19/1970,2/7/2014,SURABAYA
POL-0770,M-003,F,7/19/1978,8/28/2012,SURABAYA
POL-0771,M-002,M,1/10/1977,9/21/2012,SURABAYA
POL-0772,M-002,F,5/26/1978,5/21/2013,SURABAYA
POL-0773,M-003,M,5/12/1984,4/3/2013,SURABAYA
POL-0774,M-002,F,5/30/1996,4/16/2015,SURABAYA
POL-0775,M-002,M,1/4/1998,4/16/2015,SURABAYA
POL-0776,M-002,M,7/18/1955,4/14/2015,SURABAYA
POL-0777,M-002,F,5/29/1952,5/23/2014,SURABAYA
POL-0778,M-002,M,6/27/1985,6/24/2014,SURABAYA
POL-0779,M-003,M,4/25/1975,4/21/2014,SURABAYA
POL-0780,M-003,F,2/15/1959,3/21/2014,SURABAYA
POL-0781,M-003,M,4/26/1951,1/28/2016,SURABAYA
POL-0782,M-003,M,11/14/1982,4/26/2017,SURABAYA
POL-0783,M-003,F,10/20/1973,4/28/2015,SURABAYA
POL-0784,M-002,F,2/17/1967,4/28/2015,SURABAYA
POL-0785,M-003,M,7/22/1980,5/26/2014,SURABAYA
POL-0786,M-002,F,2/23/1975,4/25/2012,SURABAYA
POL-0787,M-002,M,6/29/1976,6/28/2015,SURABAYA
POL-0788,M-002,M,8/9/1954,2/16/2015,SURABAYA
POL-0789,M-003,M,11/9/1961,10/7/2014,SURABAYA
POL-0790,M-002,M,5/22/1982,5/20/2014,SURABAYA
POL-0791,M-002,M,10/12/1983,10/8/2014,SURABAYA
POL-0792,M-002,M,8/10/1965,8/26/2013,SURABAYA
POL-0793,M-002,M,2/10/1953,9/17/2013,SURABAYA
POL-0794,M-001,M,5/1/1954,1/20/2014,SURABAYA
POL-0795,M-002,F,8/21/1959,12/19/2016,SURABAYA
POL-0796,M-002,M,8/22/2014,8/23/2016,SURABAYA
POL-0797,M-001,M,5/15/1959,4/28/2015,SURABAYA
POL-0798,M-003,F,4/15/1955,4/14/2016,SURABAYA
POL-0799,M-002,M,9/30/2010,8/23/2016,SURABAYA
POL-0800,M-002,F,10/19/1951,6/5/2015,SURABAYA
POL-0801,M-003,F,9/15/1947,3/17/2015,SURABAYA
POL-0802,M-002,F,2/7/1962,8/15/2017,SURABAYA
POL-0803,M-002,F,8/15/1953,11/23/2016,SURABAYA
POL-0804,M-002,M,12/29/1949,12/21/2016,SURABAYA
POL-0805,M-002,M,3/31/1976,1/27/2017,SURABAYA
POL-0806,M-002,F,11/16/1962,12/28/2012,SURABAYA
POL-0807,M-002,M,7/28/1959,12/27/2012,SURABAYA
POL-0808,M-002,F,3/23/1966,11/2/2012,SURABAYA
POL-0809,M-002,M,9/8/1963,4/16/2012,JAKARTA
POL-0810,M-002,M,5/4/1963,11/2/2012,SURABAYA
POL-0811,M-003,M,11/28/1996,4/17/2012,SURABAYA
POL-0812,M-001,M,7/15/1983,4/8/2016,SURABAYA
POL-0813,M-001,F,11/6/1984,4/8/2016,SURABAYA
POL-0814,M-001,F,12/2/2014,1/20/2015,SURABAYA
POL-0815,M-002,F,9/26/2012,11/17/2015,SURABAYA
POL-0816,M-002,M,6/27/1985,9/28/2015,SURABAYA
POL-0817,M-001,F,10/20/1959,3/20/2014,SURABAYA
POL-0818,M-002,F,6/16/1978,5/7/2013,SURABAYA
POL-0819,M-002,F,7/30/1980,5/22/2013,SURABAYA
POL-0820,M-003,M,6/7/1964,8/22/2014,SURABAYA
POL-0821,M-003,M,11/14/1952,6/12/2013,SURABAYA
POL-0822,M-003,M,2/26/2010,10/24/2017,SURABAYA
POL-0823,M-001,M,7/16/1984,10/16/2017,SURABAYA
POL-0824,M-002,F,11/18/1959,10/24/2016,SURABAYA
POL-0825,M-002,M,3/21/1984,11/8/2016,SURABAYA
POL-0826,M-003,F,11/29/1954,3/15/2012,SURABAYA
POL-0827,M-002,M,4/26/1985,2/21/2014,SURABAYA
POL-0828,M-002,M,8/26/1965,6/25/2013,SURABAYA
POL-0829,M-002,M,4/13/1948,8/21/2013,SURABAYA
POL-0830,M-002,F,2/10/1951,4/10/2013,SURABAYA
POL-0831,M-002,F,4/24/1942,7/18/2013,SURABAYA
POL-0832,M-002,M,10/14/1977,2/6/2012,SURABAYA
POL-0833,M-002,M,10/29/1966,10/22/2013,SURABAYA
POL-0834,M-002,M,6/2/1952,1/23/2014,SURABAYA
POL-0835,M-002,M,4/27/1951,4/11/2014,SURABAYA
POL-0836,M-002,F,3/1/1945,5/16/2013,SURABAYA
POL-0837,M-002,F,1/29/1980,10/10/2013,SURABAYA
POL-0838,M-002,F,1/18/1964,4/24/2014,SURABAYA
POL-0839,M-002,F,4/5/1947,4/3/2014,SURABAYA
POL-0840,M-002,F,10/17/1955,2/21/2014,SURABAYA
POL-0841,M-002,F,2/10/1956,10/28/2015,SURABAYA
POL-0842,M-002,F,7/6/1959,4/3/2013,SURABAYA
POL-0843,M-002,M,7/17/1970,4/4/2013,SURABAYA
POL-0844,M-002,F,10/14/1971,12/27/2013,SURABAYA
POL-0845,M-001,M,12/15/1982,10/13/2014,SURABAYA
POL-0846,M-003,M,11/26/1976,10/21/2013,SURABAYA
POL-0847,M-002,M,11/17/1975,6/3/2015,SURABAYA
POL-0848,M-003,F,5/28/1991,4/7/2015,SURABAYA
POL-0849,M-002,M,4/1/1959,12/26/2013,SURABAYA
POL-0850,M-002,F,8/15/1973,1/14/2015,SURABAYA
POL-0851,M-002,M,3/15/1984,12/26/2014,SURABAYA
POL-0852,M-002,F,12/4/1989,10/12/2016,SURABAYA
POL-0853,M-003,F,4/21/1996,5/13/2016,SURABAYA
POL-0854,M-002,M,9/22/1950,11/26/2015,SURABAYA
POL-0855,M-002,F,12/10/1953,11/23/2015,SURABAYA
POL-0856,M-002,F,5/2/1974,11/11/2015,SURABAYA
POL-0857,M-002,F,8/16/2017,10/28/2017,SURABAYA
POL-0858,M-003,M,3/20/1984,8/8/2017,SURABAYA
POL-0859,M-003,M,6/21/1986,8/8/2017,SURABAYA
POL-0860,M-002,M,10/21/2004,5/23/2017,SURABAYA
POL-0861,M-002,M,1/18/1991,9/15/2014,SURABAYA
POL-0862,M-003,M,11/5/2010,10/28/2014,SURABAYA
POL-0863,M-002,M,7/5/1988,9/15/2014,SURABAYA
POL-0864,M-002,M,12/22/1990,12/19/2015,SURABAYA
POL-0865,M-002,F,7/14/1983,11/20/2015,SURABAYA
POL-0866,M-002,F,2/20/2013,6/12/2015,SURABAYA
POL-0867,M-003,F,8/10/1985,10/15/2015,SURABAYA
POL-0868,M-003,F,3/23/2013,12/17/2015,SURABAYA
POL-0869,M-001,M,10/19/1951,9/23/2015,SURABAYA
POL-0870,M-003,M,11/28/1962,6/15/2016,SURABAYA
POL-0871,M-002,F,1/17/1962,6/24/2016,SURABAYA
POL-0872,M-002,M,2/4/1966,10/23/2015,SURABAYA
POL-0873,M-002,M,2/7/1977,8/28/2015,SURABAYA
POL-0874,M-002,F,6/17/1961,11/23/2015,SURABAYA
POL-0875,M-003,F,3/16/1981,4/17/2015,SURABAYA
POL-0876,M-003,M,9/18/1984,4/16/2014,SURABAYA
POL-0877,M-003,M,5/31/1971,5/13/2014,SURABAYA
POL-0878,M-003,F,5/10/1974,5/14/2014,SURABAYA
POL-0879,M-003,M,6/23/1956,12/4/2012,SURABAYA
POL-0880,M-002,M,11/18/1963,2/26/2013,SURABAYA
POL-0881,M-002,M,10/4/1974,4/28/2015,SURABAYA
POL-0882,M-002,F,5/23/1969,2/27/2013,SURABAYA
POL-0883,M-003,F,4/19/1958,5/28/2017,SURABAYA
POL-0884,M-003,M,4/26/1953,12/26/2015,SURABAYA
POL-0885,M-003,M,9/28/2015,7/26/2016,SURABAYA
POL-0886,M-002,F,9/7/1974,4/28/2016,SURABAYA
POL-0887,M-003,M,4/19/1982,4/17/2015,SURABAYA
POL-0888,M-003,F,11/21/1956,10/27/2016,SURABAYA
POL-0889,M-002,M,6/10/1962,11/15/2016,SURABAYA
POL-0890,M-002,F,12/22/1961,11/15/2016,SURABAYA
POL-0891,M-002,F,6/5/1956,1/26/2017,SURABAYA
POL-0892,M-002,M,3/30/1994,2/10/2014,SURABAYA
POL-0893,M-003,M,3/30/1961,9/20/2012,JAKARTA
POL-0894,M-002,M,10/13/1996,12/18/2013,SURABAYA
POL-0895,M-002,M,11/25/1954,6/25/2013,SURABAYA
POL-0896,M-002,M,10/6/1964,10/22/2015,SURABAYA
POL-0897,M-002,F,12/11/1976,10/23/2012,SURABAYA
POL-0898,M-002,M,9/13/1975,2/5/2013,SURABAYA
POL-0899,M-003,F,1/30/1997,8/25/2017,SURABAYA
POL-0900,M-001,F,12/8/1959,1/4/2017,SURABAYA
POL-0901,M-001,M,3/12/1977,3/9/2016,SURABAYA
POL-0902,M-002,F,1/25/1967,10/22/2015,SURABAYA
POL-0903,M-002,M,3/22/1951,1/8/2016,SURABAYA
POL-0904,M-003,F,7/27/1956,10/5/2016,SURABAYA
POL-0905,M-001,M,12/20/1957,9/16/2016,SURABAYA
POL-0906,M-003,F,6/4/1954,1/14/2016,SURABAYA
POL-0907,M-002,M,2/10/1953,2/7/2015,SURABAYA
POL-0908,M-002,F,1/12/1993,9/10/2015,SURABAYA
POL-0909,M-003,M,6/4/1950,5/15/2015,SURABAYA
POL-0910,M-003,F,6/20/2011,12/23/2016,SURABAYA
POL-0911,M-002,F,10/10/1957,4/18/2012,SURABAYA
POL-0912,M-002,M,5/22/1978,2/16/2012,SURABAYA
POL-0913,M-003,F,1/20/1949,5/9/2012,SURABAYA
POL-0914,M-002,F,6/30/1974,6/4/2013,SURABAYA
POL-0915,M-002,F,9/2/1976,3/18/2014,SURABAYA
POL-0916,M-002,M,11/25/1950,8/28/2015,SURABAYA
POL-0917,M-002,M,6/7/1955,5/28/2014,SURABAYA
POL-0918,M-002,M,12/18/1990,10/28/2015,SURABAYA
POL-0919,M-002,M,9/18/2012,12/14/2016,SURABAYA
POL-0920,M-002,F,4/22/1984,3/8/2017,SURABAYA
POL-0921,M-002,F,3/4/1969,11/28/2016,SURABAYA
POL-0922,M-003,F,1/15/1943,11/27/2014,SURABAYA
POL-0923,M-002,F,2/28/1972,9/28/2017,SURABAYA
POL-0924,M-003,F,9/7/1962,5/22/2017,SURABAYA
POL-0925,M-003,M,9/21/1972,4/20/2017,SURABAYA
POL-0926,M-003,F,10/27/1993,9/25/2017,SURABAYA
POL-0927,M-001,M,2/2/1957,11/20/2017,JAKARTA
POL-0928,M-002,M,2/27/1983,1/25/2018,SURABAYA
POL-0929,M-003,F,11/16/1989,9/22/2017,SURABAYA
POL-0930,M-002,M,11/8/2017,11/15/2017,SURABAYA
POL-0931,M-003,M,5/21/1969,1/28/2018,SURABAYA
POL-0932,M-003,M,7/29/1954,9/22/2017,SURABAYA
POL-0933,M-002,F,6/1/1941,12/27/2011,SURABAYA
POL-0934,M-002,M,7/27/1957,1/24/2012,SURABAYA
POL-0935,M-002,F,7/9/1962,1/25/2012,SURABAYA
POL-0936,M-003,M,11/27/1974,1/16/2013,SURABAYA
POL-0937,M-001,F,8/20/1961,5/24/2012,SURABAYA
POL-0938,M-002,M,3/31/1971,12/13/2011,SURABAYA
POL-0939,M-003,M,12/15/1982,10/12/2012,SURABAYA
POL-0940,M-002,F,9/23/1959,3/27/2012,SURABAYA
POL-0941,M-001,M,2/18/1975,1/28/2012,SURABAYA
POL-0942,M-003,M,4/30/1971,12/13/2011,SURABAYA
POL-0943,M-003,F,11/17/2007,5/9/2012,SURABAYA
POL-0944,M-002,M,11/29/1976,6/19/2012,SURABAYA
POL-0945,M-002,F,10/15/1965,3/21/2012,SURABAYA
POL-0946,M-002,F,4/21/1971,12/13/2011,SURABAYA
POL-0947,M-003,M,3/20/1998,5/9/2012,SURABAYA
POL-0948,M-003,M,4/18/1966,3/28/2013,SURABAYA
POL-0949,M-002,M,2/19/1967,3/21/2012,SURABAYA
POL-0950,M-003,F,4/15/2011,8/3/2012,SURABAYA
POL-0951,M-002,M,7/6/1962,11/28/2012,SURABAYA
POL-0952,M-002,M,2/20/1977,6/13/2012,SURABAYA
POL-0953,M-002,F,6/20/1977,6/13/2012,SURABAYA
POL-0954,M-003,M,4/1/1974,8/15/2012,SURABAYA
POL-0955,M-002,M,4/5/1977,11/20/2012,SURABAYA
POL-0956,M-002,M,7/8/1968,6/22/2012,SURABAYA
POL-0957,M-002,M,11/20/1953,3/28/2013,SURABAYA
POL-0958,M-002,F,2/25/1954,3/26/2013,SURABAYA
POL-0959,M-001,M,6/15/1984,5/24/2012,SURABAYA
POL-0960,M-003,M,5/8/1972,7/13/2012,SURABAYA
POL-0961,M-003,M,9/16/1979,10/11/2012,SURABAYA
POL-0962,M-003,M,7/5/1973,11/28/2012,SURABAYA
POL-0963,M-002,M,6/25/1966,9/28/2012,SURABAYA
POL-0964,M-002,F,5/14/1977,12/3/2014,SURABAYA
POL-0965,M-002,F,12/25/1984,11/28/2012,SURABAYA
POL-0966,M-002,F,11/9/1971,9/28/2012,SURABAYA
POL-0967,M-002,M,2/20/2006,10/28/2013,SURABAYA
POL-0968,M-002,M,6/18/1971,8/28/2013,SURABAYA
POL-0969,M-002,F,5/5/1977,9/24/2013,SURABAYA
POL-0970,M-002,F,5/14/1958,5/11/2014,SURABAYA
POL-0971,M-001,M,5/12/1958,9/6/2013,SURABAYA
POL-0972,M-002,F,4/21/1975,2/28/2013,SURABAYA
POL-0973,M-003,F,1/23/1972,12/17/2012,SURABAYA
POL-0974,M-003,F,2/24/1974,11/26/2013,SURABAYA
POL-0975,M-003,F,1/2/1978,9/28/2013,SURABAYA
POL-0976,M-003,F,8/15/2004,9/27/2013,SURABAYA
POL-0977,M-003,M,11/4/2011,9/27/2013,SURABAYA
POL-0978,M-002,F,12/6/1952,9/26/2013,SURABAYA
POL-0979,M-003,M,4/13/1967,9/26/2013,SURABAYA
POL-0980,M-003,F,8/15/1986,8/5/2013,SURABAYA
POL-0981,M-003,M,6/22/1983,7/11/2013,SURABAYA
POL-0982,M-002,F,9/2/1955,3/13/2013,SURABAYA
POL-0983,M-003,F,4/15/1984,4/4/2013,SURABAYA
POL-0984,M-002,M,9/4/1988,12/13/2013,SURABAYA
POL-0985,M-002,F,9/4/1962,11/27/2012,SURABAYA
POL-0986,M-002,F,2/13/1970,11/5/2012,SURABAYA
POL-0987,M-003,F,9/27/1952,4/22/2014,SURABAYA
POL-0988,M-002,M,2/28/1968,9/28/2012,SURABAYA
POL-0989,M-001,M,9/16/1985,5/24/2012,SURABAYA
POL-0990,M-002,M,5/2/1970,9/28/2012,SURABAYA
POL-0991,M-002,M,9/21/1960,10/25/2013,JAKARTA
POL-0992,M-002,M,4/10/1962,11/28/2012,SURABAYA
POL-0993,M-002,M,2/21/1981,9/20/2013,SURABAYA
POL-0994,M-002,F,1/6/1983,2/3/2012,SURABAYA
POL-0995,M-002,M,5/11/1967,4/19/2012,SURABAYA
POL-0996,M-002,M,8/4/1956,11/12/2013,SURABAYA
POL-0997,M-003,F,9/1/1950,4/15/2014,SURABAYA
POL-0998,M-002,F,5/17/1968,4/28/2013,SURABAYA
POL-0999,M-002,M,1/10/1968,4/28/2013,SURABAYA
POL-1000,M-002,M,1/21/1971,4/28/2013,SURABAYA
POL-1001,M-003,M,4/6/1962,3/28/2013,SURABAYA
POL-1002,M-002,M,10/29/1966,9/28/2013,JAKARTA
POL-1003,M-002,M,9/9/2009,12/3/2014,SURABAYA
POL-1004,M-002,M,7/9/1959,8/28/2015,SURABAYA
POL-1005,M-002,F,7/11/1980,6/4/2015,SURABAYA
POL-1006,M-002,M,5/27/1977,12/8/2014,SURABAYA
POL-1007,M-002,F,12/21/1979,8/28/2013,SURABAYA
POL-1008,M-003,F,9/1/1943,6/25/2015,SURABAYA
POL-1009,M-002,M,11/18/1952,9/11/2015,TANGERANG
POL-1010,M-003,F,1/2/1960,5/15/2015,TANGERANG
POL-1011,M-002,M,12/29/1988,6/16/2017,TANGERANG
POL-1012,M-001,M,8/5/1972,7/17/2017,TANGERANG
POL-1013,M-002,F,1/28/2017,11/22/2017,TANGERANG
POL-1014,M-002,M,10/24/1988,11/22/2017,TANGERANG
POL-1015,M-002,F,8/20/1985,12/13/2017,TANGERANG
POL-1016,M-003,M,2/5/1966,11/16/2015,BANDUNG
POL-1017,M-003,F,9/18/1960,11/12/2015,BANDUNG
POL-1018,M-002,F,7/20/1967,5/28/2015,BANDUNG
POL-1019,M-003,F,2/22/1995,11/17/2015,BANDUNG
POL-1020,M-003,M,4/21/1964,11/16/2015,BANDUNG
POL-1021,M-002,M,9/28/1949,2/25/2014,BANDUNG
POL-1022,M-003,F,9/11/2005,11/19/2015,BANDUNG
POL-1023,M-003,F,5/10/1991,11/16/2015,BANDUNG
POL-1024,M-003,M,8/14/1997,11/17/2015,BANDUNG
POL-1025,M-002,M,2/28/1952,8/28/2015,BANDUNG
POL-1026,M-002,M,10/7/1953,3/10/2015,BANDUNG
POL-1027,M-003,M,3/9/1965,11/16/2015,BANDUNG
POL-1028,M-003,F,5/26/1964,11/16/2015,BANDUNG
POL-1029,M-003,F,11/7/1970,11/4/2015,BANDUNG
POL-1030,M-003,F,6/1/1964,11/24/2015,BANDUNG
POL-1031,M-002,F,9/6/1967,3/27/2013,TANGERANG
POL-1032,M-003,F,6/30/1959,9/28/2012,TANGERANG
POL-1033,M-002,F,2/14/1979,3/5/2013,TANGERANG
POL-1034,M-001,M,7/29/1975,3/8/2013,TANGERANG
POL-1035,M-002,F,6/13/1959,5/28/2013,TANGERANG
POL-1036,M-003,M,7/12/1963,6/28/2012,TANGERANG
POL-1037,M-002,M,5/11/1955,7/13/2012,JAKARTA
POL-1038,M-003,M,7/20/2007,6/9/2015,TANGERANG
POL-1039,M-002,M,11/1/1971,5/15/2015,TANGERANG
POL-1040,M-002,M,8/20/1960,1/12/2015,TANGERANG
POL-1041,M-003,M,5/7/1959,4/4/2014,TANGERANG
POL-1042,M-002,M,1/23/1958,8/15/2012,TANGERANG
POL-1043,M-003,M,6/20/1960,1/25/2016,TANGERANG
POL-1044,M-002,F,1/23/1968,10/19/2016,TANGERANG
POL-1045,M-001,M,9/7/1970,5/15/2015,TANGERANG
POL-1046,M-003,F,1/11/1965,6/14/2016,TANGERANG
POL-1047,M-003,F,12/19/1976,7/28/2016,TANGERANG
POL-1048,M-002,F,5/18/1963,10/28/2015,TANGERANG
POL-1049,M-003,F,9/25/1956,9/22/2015,TANGERANG
POL-1050,M-002,M,8/30/1970,5/15/2015,TANGERANG
POL-1051,M-002,F,6/2/1957,1/13/2015,TANGERANG
POL-1052,M-002,M,5/24/1967,10/28/2016,TANGERANG
POL-1053,M-003,M,9/13/1969,8/15/2017,TANGERANG
POL-1054,M-002,M,6/7/1974,5/11/2016,BANDUNG
POL-1055,M-003,M,4/18/2015,5/27/2016,BANDUNG
POL-1056,M-002,M,10/7/1980,12/23/2016,BANDUNG
POL-1057,M-002,F,2/13/1980,12/20/2016,BANDUNG
POL-1058,M-002,F,9/18/1970,8/15/2016,BANDUNG
POL-1059,M-003,F,10/28/1964,8/23/2016,BANDUNG
POL-1060,M-003,M,9/7/1953,3/16/2017,BANDUNG
POL-1061,M-002,F,4/25/1985,1/28/2015,BANDUNG
POL-1062,M-002,M,5/8/1949,9/22/2014,BANDUNG
POL-1063,M-002,M,4/13/2010,1/28/2015,BANDUNG
POL-1064,M-002,M,3/5/1982,12/19/2016,BANDUNG
POL-1065,M-002,M,8/18/1987,3/23/2015,BANDUNG
POL-1066,M-002,M,6/14/1980,8/10/2015,BANDUNG
POL-1067,M-003,M,10/14/1956,5/19/2015,BANDUNG
POL-1068,M-002,F,11/12/1988,8/10/2015,BANDUNG
POL-1069,M-003,M,1/11/1955,12/21/2015,BANDUNG
POL-1070,M-003,M,3/20/1964,9/15/2015,BANDUNG
POL-1071,M-002,M,3/27/1961,7/15/2015,BANDUNG
POL-1072,M-003,M,1/25/1965,4/28/2016,BANDUNG
POL-1073,M-002,F,5/11/1963,12/28/2017,BANDUNG
POL-1074,M-003,F,10/16/1947,12/14/2015,BANDUNG
POL-1075,M-002,F,9/5/1967,1/13/2017,BANDUNG
POL-1076,M-003,F,11/19/1965,11/11/2015,BANDUNG
POL-1077,M-003,M,11/30/2013,5/28/2016,BANDUNG
POL-1078,M-001,M,4/9/1981,2/13/2017,BANDUNG
POL-1079,M-002,F,1/23/1955,6/3/2016,BANDUNG
POL-1080,M-002,M,6/17/1946,10/16/2014,BANDUNG
POL-1081,M-002,M,11/4/1965,4/27/2015,BANDUNG
POL-1082,M-001,F,5/25/1997,7/28/2015,BANDUNG
POL-1083,M-002,F,6/18/1962,7/15/2015,BANDUNG
POL-1084,M-003,M,12/5/1973,8/26/2014,BANDUNG
POL-1085,M-003,F,2/1/1998,7/17/2014,BANDUNG
POL-1086,M-003,M,1/12/1961,7/21/2014,BANDUNG
POL-1087,M-002,F,4/25/1968,1/9/2014,BANDUNG
POL-1088,M-003,F,5/26/1955,4/28/2015,BANDUNG
POL-1089,M-002,F,9/15/2014,11/13/2014,BANDUNG
POL-1090,M-002,F,2/2/1946,10/15/2014,BANDUNG
POL-1091,M-002,F,7/10/1962,12/5/2014,BANDUNG
POL-1092,M-003,F,10/7/1963,11/20/2014,BANDUNG
POL-1093,M-003,M,11/9/1963,9/10/2014,BANDUNG
POL-1094,M-001,M,6/16/1982,1/15/2016,BANDUNG
POL-1095,M-002,M,6/21/1963,8/14/2015,BANDUNG
POL-1096,M-002,F,1/31/1965,7/28/2015,BANDUNG
POL-1097,M-003,M,9/18/1959,3/27/2015,BANDUNG
POL-1098,M-003,M,3/15/1979,6/27/2014,BANDUNG
POL-1099,M-002,M,11/5/1970,7/16/2014,BANDUNG
POL-1100,M-002,F,4/17/1979,5/4/2016,BANDUNG
POL-1101,M-003,M,1/29/1958,11/20/2013,BANDUNG
POL-1102,M-003,F,3/7/1967,11/8/2013,BANDUNG
POL-1103,M-001,M,11/13/1970,4/14/2014,BANDUNG
POL-1104,M-003,M,6/4/1963,11/8/2013,BANDUNG
POL-1105,M-002,M,3/8/1951,8/16/2013,BANDUNG
POL-1106,M-003,F,10/25/1964,8/28/2013,BANDUNG
POL-1107,M-002,M,9/4/1966,8/28/2012,BANDUNG
POL-1108,M-002,M,2/22/1969,7/11/2014,BANDUNG
POL-1109,M-002,F,6/24/1986,10/17/2012,BANDUNG
POL-1110,M-003,F,8/13/1960,5/26/2014,BANDUNG
POL-1111,M-003,M,9/13/1950,1/21/2014,BANDUNG
POL-1112,M-002,F,6/25/1973,5/10/2013,BANDUNG
POL-1113,M-001,F,5/13/1957,8/12/2013,BANDUNG
POL-1114,M-003,M,6/30/1968,9/9/2014,BANDUNG
POL-1115,M-002,F,8/6/1957,4/28/2014,BANDUNG
POL-1116,M-002,F,1/2/1975,4/4/2013,BANDUNG
POL-1117,M-003,M,1/6/1942,4/24/2012,BANDUNG
POL-1118,M-003,M,10/20/1965,11/28/2012,BANDUNG
POL-1119,M-002,M,11/30/1970,4/5/2012,BANDUNG
POL-1120,M-003,F,10/23/1977,5/22/2012,BANDUNG
POL-1121,M-003,M,6/14/1975,5/24/2012,BANDUNG
POL-1122,M-001,F,9/12/1964,2/8/2012,BANDUNG
POL-1123,M-002,F,10/3/1947,2/10/2012,BANDUNG
POL-1124,M-003,M,8/12/1964,11/28/2016,BANDUNG
POL-1125,M-002,F,9/25/2013,11/27/2017,BANDUNG
POL-1126,M-002,F,3/17/1971,6/23/2016,BANDUNG
POL-1127,M-002,F,11/23/1988,12/23/2016,BANDUNG
POL-1128,M-002,F,3/16/1973,2/20/2017,BANDUNG
POL-1129,M-002,M,10/25/1973,6/3/2015,SURABAYA
POL-1130,M-001,M,10/6/1964,12/21/2015,SURABAYA
POL-1131,M-002,F,12/18/1963,8/28/2015,SURABAYA
POL-1132,M-002,M,2/27/2004,12/3/2014,SURABAYA
POL-1133,M-002,M,12/1/1987,11/17/2014,SURABAYA
POL-1134,M-002,M,8/31/1956,5/12/2015,SURABAYA
POL-1135,M-002,F,8/28/1962,6/28/2016,SURABAYA
POL-1136,M-002,M,2/15/1983,2/24/2017,SURABAYA
POL-1137,M-002,M,1/4/1973,3/13/2015,SURABAYA
POL-1138,M-003,F,1/10/1979,5/19/2017,SURABAYA
POL-1139,M-003,M,5/30/1971,5/23/2013,SURABAYA
POL-1140,M-003,F,6/26/1953,3/22/2013,SURABAYA
POL-1141,M-002,F,3/21/1973,5/22/2013,SURABAYA
POL-1142,M-003,M,6/2/1978,9/28/2012,SURABAYA
POL-1143,M-002,F,2/19/1996,12/7/2015,SURABAYA
POL-1144,M-003,M,1/23/1965,8/28/2017,SURABAYA
POL-1145,M-003,F,3/15/1965,2/3/2014,SURABAYA
POL-1146,M-003,M,3/12/2015,12/11/2015,SURABAYA
POL-1147,M-002,M,2/1/2007,1/3/2017,SAMARINDA
POL-1148,M-003,F,11/6/1978,12/19/2017,SAMARINDA
POL-1149,M-002,M,2/6/1976,12/24/2013,SAMARINDA
POL-1150,M-002,F,2/23/1971,2/24/2012,SAMARINDA
POL-1151,M-002,M,7/4/1972,6/5/2012,SAMARINDA
POL-1152,M-003,F,4/21/1953,4/24/2013,SAMARINDA
POL-1153,M-003,F,9/11/1978,5/15/2012,JAKARTA
POL-1154,M-001,M,8/31/1975,11/28/2013,JAKARTA
POL-1155,M-002,F,2/3/1979,10/28/2014,SURABAYA
POL-1156,M-002,M,8/19/1953,7/17/2014,SURABAYA
POL-1157,M-002,F,3/9/1975,1/28/2014,SURABAYA
POL-1158,M-001,M,11/7/1968,3/13/2013,SURABAYA
POL-1159,M-002,F,4/24/1960,11/28/2012,SAMARINDA
POL-1160,M-003,F,3/29/1961,5/28/2012,SAMARINDA
POL-1161,M-002,M,8/10/1964,5/15/2013,SAMARINDA
POL-1162,M-002,F,8/16/1980,5/24/2013,SAMARINDA
POL-1163,M-002,F,2/22/1992,7/28/2015,SAMARINDA
POL-1164,M-002,F,9/18/1949,3/27/2014,SAMARINDA
POL-1165,M-002,F,9/3/1982,5/22/2017,SURABAYA
POL-1166,M-002,M,10/8/1982,8/8/2017,SURABAYA
POL-1167,M-002,F,5/5/1985,12/19/2017,SURABAYA
POL-1168,M-002,M,2/5/1981,5/22/2017,SURABAYA
POL-1169,M-001,M,7/31/1972,3/28/2016,SURABAYA
POL-1170,M-002,F,3/31/1960,9/17/2014,SURABAYA
POL-1171,M-002,M,4/14/1964,6/24/2014,SAMARINDA
POL-1172,M-003,M,7/31/1982,3/27/2017,SAMARINDA
POL-1173,M-002,F,11/1/1965,5/12/2015,SAMARINDA
POL-1174,M-002,F,11/22/1963,6/4/2014,SAMARINDA
POL-1175,M-002,F,10/14/1947,7/18/2014,SAMARINDA
POL-1176,M-002,M,5/12/1984,11/25/2015,SAMARINDA
POL-1177,M-002,M,9/12/1959,12/18/2015,SAMARINDA
POL-1178,M-002,M,8/4/1993,5/12/2015,SAMARINDA
POL-1179,M-002,M,8/4/1958,4/25/2014,SAMARINDA
POL-1180,M-002,F,8/17/1974,4/25/2012,SAMARINDA
POL-1181,M-002,F,12/5/1978,10/28/2014,SAMARINDA
POL-1182,M-001,F,4/15/1966,4/28/2014,SAMARINDA
POL-1183,M-001,M,12/28/1963,4/17/2014,SAMARINDA
POL-1184,M-001,M,5/17/1959,11/23/2016,SAMARINDA
POL-1185,M-002,F,5/1/1998,5/19/2015,SAMARINDA
POL-1186,M-002,M,5/24/1969,3/28/2016,SAMARINDA
POL-1187,M-002,F,10/16/1969,11/23/2016,SAMARINDA
POL-1188,M-002,M,5/20/1972,10/26/2016,SAMARINDA
POL-1189,M-003,M,5/6/1982,9/8/2017,JAKARTA
POL-1190,M-002,M,2/5/1960,4/28/2015,MAKASSAR
POL-1191,M-002,F,6/25/2000,4/28/2015,MAKASSAR
POL-1192,M-002,M,8/7/1987,11/27/2015,MAKASSAR
POL-1193,M-002,M,2/23/1959,9/23/2016,MAKASSAR
POL-1194,M-001,F,12/11/1973,5/23/2016,MAKASSAR
POL-1195,M-002,M,4/19/1990,9/19/2017,MAKASSAR
POL-1196,M-001,M,8/25/2016,12/19/2017,MAKASSAR
POL-1197,M-001,M,3/26/1966,5/28/2016,MAKASSAR
POL-1198,M-001,M,11/1/1963,12/15/2016,MAKASSAR
POL-1199,M-001,M,6/8/2016,8/26/2016,MAKASSAR
POL-1200,M-002,M,6/29/1997,12/19/2016,MAKASSAR
POL-1201,M-001,F,1/17/1965,12/15/2016,MAKASSAR
POL-1202,M-001,F,4/30/2016,7/28/2016,MAKASSAR
POL-1203,M-001,F,2/20/1971,5/28/2016,MAKASSAR
POL-1204,M-001,M,12/14/1979,5/9/2016,MAKASSAR
POL-1205,M-001,M,9/8/2012,3/20/2015,MAKASSAR
POL-1206,M-001,F,5/2/1997,5/28/2016,MAKASSAR
POL-1207,M-002,F,4/5/1966,4/1/2015,MAKASSAR
POL-1208,M-002,M,2/6/1962,5/18/2015,MAKASSAR
POL-1209,M-002,M,11/15/1991,4/28/2015,MAKASSAR
POL-1210,M-002,M,3/9/1999,5/5/2015,MAKASSAR
POL-1211,M-002,M,7/19/1966,4/28/2015,MAKASSAR
POL-1212,M-002,F,2/17/1977,12/21/2015,MAKASSAR
POL-1213,M-001,M,3/15/2001,5/28/2016,MAKASSAR
POL-1214,M-002,M,3/10/1956,4/28/2015,MAKASSAR
POL-1215,M-001,F,12/2/1989,9/28/2012,MAKASSAR
POL-1216,M-001,M,11/18/1956,9/28/2012,MAKASSAR
POL-1217,M-001,F,7/20/1988,9/23/2013,MAKASSAR
POL-1218,M-001,F,8/29/1961,10/19/2012,MAKASSAR
POL-1219,M-001,F,9/18/1955,4/28/2014,MAKASSAR
POL-1220,M-001,M,6/20/1991,7/25/2013,MAKASSAR
POL-1221,M-001,F,2/16/1950,7/25/2014,MAKASSAR
POL-1222,M-002,F,7/27/1970,3/22/2013,MAKASSAR
POL-1223,M-001,M,4/10/2010,12/28/2013,MAKASSAR
POL-1224,M-001,F,7/2/1983,4/28/2013,MAKASSAR
POL-1225,M-001,F,7/26/1977,7/25/2014,MAKASSAR
POL-1226,M-001,F,6/27/2009,7/25/2014,MAKASSAR
POL-1227,M-001,F,9/2/1988,4/15/2013,MAKASSAR
POL-1228,M-001,F,9/8/1962,8/22/2014,MAKASSAR
POL-1229,M-002,M,10/8/1987,1/22/2014,MAKASSAR
POL-1230,M-002,M,8/11/1985,1/28/2014,MAKASSAR
POL-1231,M-001,M,11/11/1978,7/25/2014,MAKASSAR
POL-1232,M-001,F,6/27/2009,7/25/2014,MAKASSAR
POL-1233,M-002,M,4/4/1981,3/28/2014,MAKASSAR
POL-1234,M-001,M,11/2/1985,7/11/2014,MAKASSAR
POL-1235,M-001,M,8/25/2011,4/22/2013,MAKASSAR
POL-1236,M-001,M,1/7/1961,8/22/2014,MAKASSAR
POL-1237,M-001,M,3/12/1957,9/16/2013,MAKASSAR
POL-1238,M-001,F,3/8/1985,9/27/2012,MAKASSAR
POL-1239,M-001,M,10/3/2013,6/28/2014,MAKASSAR
POL-1240,M-002,M,2/16/1970,3/22/2013,MAKASSAR
POL-1241,M-002,M,6/18/1980,12/28/2013,MAKASSAR
POL-1242,M-001,F,7/2/1983,1/21/2014,MAKASSAR
POL-1243,M-001,M,7/17/1944,7/25/2014,MAKASSAR
POL-1244,M-001,M,10/10/2017,12/19/2017,MAKASSAR
POL-1245,M-002,F,5/26/1992,9/12/2017,MAKASSAR
POL-1246,M-003,F,2/21/1973,4/12/2017,MAKASSAR
POL-1247,M-002,F,6/4/1992,11/28/2017,MAKASSAR
POL-1248,M-001,F,6/2/1977,3/23/2017,MAKASSAR
POL-1249,M-001,F,10/21/1964,5/23/2016,MAKASSAR
POL-1250,M-001,M,7/7/1963,5/23/2016,MAKASSAR
POL-1251,M-001,M,12/29/1948,5/28/2015,MAKASSAR
POL-1252,M-002,M,1/31/1961,9/23/2016,MAKASSAR
POL-1253,M-002,M,4/12/2004,1/12/2017,MAKASSAR
POL-1254,M-001,M,10/17/1974,1/28/2016,MAKASSAR
POL-1255,M-002,F,11/8/1975,3/4/2015,JAKARTA
POL-1256,M-003,F,4/15/1950,9/6/2016,SURABAYA
POL-1257,M-002,F,1/31/1961,10/28/2015,SURABAYA
POL-1258,M-002,F,3/13/1954,1/11/2016,SURABAYA
POL-1259,M-002,M,1/28/1973,3/20/2015,SURABAYA
POL-1260,M-002,M,10/16/1948,12/23/2016,SURABAYA
POL-1261,M-002,F,1/25/1952,12/23/2016,SURABAYA
POL-1262,M-002,F,12/26/1965,6/11/2014,SURABAYA
POL-1263,M-002,M,7/27/1979,8/21/2015,SURABAYA
POL-1264,M-002,M,1/31/1968,12/22/2015,SURABAYA
POL-1265,M-002,M,6/25/1968,3/16/2016,SURABAYA
POL-1266,M-003,M,6/19/1955,3/28/2016,SURABAYA
POL-1267,M-002,M,11/15/1971,5/10/2016,SURABAYA
POL-1268,M-002,F,7/8/1983,6/10/2016,SURABAYA
POL-1269,M-002,F,6/16/1965,5/28/2015,SURABAYA
POL-1270,M-002,M,2/19/1966,6/12/2014,SURABAYA
POL-1271,M-003,F,6/27/1973,10/24/2016,SURABAYA
POL-1272,M-002,F,7/13/1968,12/13/2013,SURABAYA
POL-1273,M-002,M,8/10/1959,1/17/2012,JAKARTA
POL-1274,M-002,M,8/3/1967,7/19/2012,JAKARTA
POL-1275,M-003,F,11/29/1996,3/8/2013,JAKARTA
POL-1276,M-003,F,9/13/2008,9/6/2013,JAKARTA
POL-1277,M-002,F,9/11/1971,10/24/2013,JAKARTA
POL-1278,M-003,M,6/10/1955,6/7/2012,JAKARTA
POL-1279,M-002,F,5/4/1972,3/25/2014,JAKARTA
POL-1280,M-003,F,10/3/1980,9/6/2013,JAKARTA
POL-1281,M-003,M,9/6/1972,9/5/2013,JAKARTA
POL-1282,M-002,M,6/13/1971,10/22/2013,JAKARTA
POL-1283,M-003,M,5/5/1950,2/24/2014,JAKARTA
POL-1284,M-002,M,5/6/1973,3/25/2015,JAKARTA
POL-1285,M-002,M,11/8/1974,6/24/2013,JAKARTA
POL-1286,M-002,F,2/14/1976,6/12/2013,JAKARTA
POL-1287,M-003,F,5/19/2003,3/28/2014,JAKARTA
POL-1288,M-002,F,12/7/1982,12/28/2016,JAKARTA
POL-1289,M-002,M,9/29/2005,11/23/2016,JAKARTA
POL-1290,M-002,F,9/11/1958,2/20/2017,JAKARTA
POL-1291,M-002,M,5/7/2005,2/24/2017,JAKARTA
POL-1292,M-003,F,9/9/1962,8/25/2017,JAKARTA
POL-1293,M-003,F,3/8/1999,7/12/2013,JAKARTA
POL-1294,M-002,M,4/25/1973,4/23/2014,JAKARTA
POL-1295,M-002,M,12/26/2001,2/24/2017,JAKARTA
POL-1296,M-002,M,3/2/1966,7/20/2017,JAKARTA
POL-1297,M-003,F,4/9/1983,1/26/2016,JAKARTA
POL-1298,M-002,F,10/13/1977,9/5/2017,JAKARTA
POL-1299,M-003,F,7/13/1967,8/5/2016,JAKARTA
POL-1300,M-002,F,10/16/1973,3/21/2017,JAKARTA
POL-1301,M-003,M,7/1/1985,9/18/2017,JAKARTA
POL-1302,M-002,M,7/16/1978,2/21/2014,JAKARTA
POL-1303,M-002,F,8/22/1976,2/21/2014,JAKARTA
POL-1304,M-002,F,12/11/1981,2/21/2014,JAKARTA
POL-1305,M-002,M,3/26/1987,12/23/2015,JAKARTA
POL-1306,M-002,M,4/20/1964,12/23/2015,JAKARTA
POL-1307,M-002,M,10/11/1985,12/23/2015,JAKARTA
POL-1308,M-002,M,10/28/1986,12/23/2015,JAKARTA
POL-1309,M-002,M,12/4/1968,2/23/2015,JAKARTA
POL-1310,M-002,F,6/15/1967,2/23/2015,JAKARTA
POL-1311,M-002,F,4/21/1967,7/3/2014,JAKARTA
POL-1312,M-002,M,4/27/1998,2/23/2015,JAKARTA
POL-1313,M-002,M,8/7/1964,11/6/2013,JAKARTA
POL-1314,M-003,F,4/28/1999,12/22/2014,JAKARTA
POL-1315,M-002,M,9/27/2000,2/23/2015,JAKARTA
POL-1316,M-002,M,9/27/1965,12/5/2014,JAKARTA
POL-1317,M-002,M,1/7/1982,9/19/2014,JAKARTA
POL-1318,M-002,F,9/13/1989,2/24/2015,JAKARTA
POL-1319,M-002,M,6/6/2011,12/23/2015,JAKARTA
POL-1320,M-001,M,9/11/1994,12/23/2015,JAKARTA
POL-1321,M-002,M,1/19/2006,12/28/2015,JAKARTA
POL-1322,M-002,M,4/10/2008,12/23/2015,JAKARTA
POL-1323,M-002,F,10/11/2005,12/23/2015,JAKARTA
POL-1324,M-002,M,1/8/1997,12/23/2015,JAKARTA
POL-1325,M-002,M,1/10/1986,12/28/2015,JAKARTA
POL-1326,M-002,M,7/27/2005,11/17/2015,JAKARTA
POL-1327,M-003,F,3/5/1958,5/23/2017,SURABAYA
POL-1328,M-003,F,4/22/1947,12/23/2016,JAKARTA
POL-1329,M-003,M,4/13/1961,12/12/2014,SURABAYA
POL-1330,M-003,F,11/11/1967,12/12/2014,SURABAYA
POL-1331,M-002,M,10/19/1968,3/28/2012,SURABAYA
POL-1332,M-002,M,7/8/1971,10/28/2017,SURABAYA
POL-1333,M-003,F,4/25/2000,12/22/2014,JAKARTA
POL-1334,M-003,M,3/14/1970,12/28/2013,JAKARTA
POL-1335,M-003,F,1/8/2011,5/23/2014,JAKARTA
POL-1336,M-003,M,8/25/2009,5/13/2013,JAKARTA
POL-1337,M-001,F,3/6/2003,12/5/2014,JAKARTA
POL-1338,M-003,F,10/25/1983,4/11/2013,JAKARTA
POL-1339,M-003,M,3/15/1964,9/27/2012,JAKARTA
POL-1340,M-002,F,4/16/1964,12/22/2011,JAKARTA
POL-1341,M-003,F,11/25/1968,3/26/2012,JAKARTA
POL-1342,M-002,F,11/5/1951,7/2/2012,JAKARTA
POL-1343,M-002,F,9/22/1964,2/14/2012,JAKARTA
POL-1344,M-003,F,4/16/1970,12/27/2011,JAKARTA
POL-1345,M-002,M,10/2/1955,3/22/2012,JAKARTA
POL-1346,M-002,M,10/31/1969,12/27/2011,JAKARTA
POL-1347,M-002,M,4/19/1962,2/14/2012,JAKARTA
POL-1348,M-002,M,5/29/1988,10/12/2017,JAKARTA
POL-1349,M-003,F,7/19/1989,11/22/2017,JAKARTA
POL-1350,M-003,F,3/25/1994,11/15/2017,JAKARTA
POL-1351,M-002,F,2/12/2016,1/18/2017,JAKARTA
POL-1352,M-002,F,1/13/1971,2/14/2017,JAKARTA
POL-1353,M-002,M,6/29/1955,6/10/2016,JAKARTA
POL-1354,M-002,F,5/24/1964,5/22/2017,JAKARTA
POL-1355,M-002,M,8/16/1955,5/27/2016,JAKARTA
POL-1356,M-002,M,4/26/1956,12/23/2015,JAKARTA
POL-1357,M-002,F,9/16/1971,10/28/2017,SURABAYA
POL-1358,M-001,F,8/1/1966,7/28/2015,SURABAYA
POL-1359,M-002,F,1/19/1989,2/17/2017,SURABAYA
POL-1360,M-002,M,5/6/1968,9/28/2013,SURABAYA
POL-1361,M-001,M,1/28/1964,10/21/2013,SURABAYA
POL-1362,M-002,F,2/21/1965,3/14/2012,SURABAYA
POL-1363,M-002,M,8/20/1996,1/26/2012,SURABAYA
POL-1364,M-002,M,3/27/1955,6/27/2012,SURABAYA
POL-1365,M-002,F,8/5/1956,6/26/2012,SURABAYA
POL-1366,M-002,F,7/15/1962,7/28/2012,SURABAYA
POL-1367,M-002,F,1/29/1966,3/8/2012,SURABAYA
POL-1368,M-002,M,11/3/1988,10/21/2013,SURABAYA
POL-1369,M-003,F,8/5/1938,12/19/2014,SURABAYA
POL-1370,M-001,M,9/14/1964,7/27/2015,SURABAYA
POL-1371,M-002,M,3/25/1973,4/28/2016,SURABAYA
POL-1372,M-002,M,10/30/1963,1/12/2017,SURABAYA
POL-1373,M-003,M,10/23/2015,2/5/2016,SURABAYA
POL-1374,M-002,M,2/25/1958,12/28/2012,SURABAYA
POL-1375,M-001,F,12/5/1993,6/28/2012,SURABAYA
POL-1376,M-002,M,1/25/1956,6/26/2013,SURABAYA
POL-1377,M-002,M,5/29/1996,5/28/2013,SURABAYA
POL-1378,M-002,M,7/30/1985,11/15/2013,SURABAYA
POL-1379,M-002,M,1/2/1990,3/27/2014,SURABAYA
POL-1380,M-002,F,2/13/1967,4/28/2012,SURABAYA
POL-1381,M-002,M,1/14/1990,5/28/2013,SURABAYA
POL-1382,M-002,F,3/12/1956,5/16/2012,SURABAYA
POL-1383,M-002,M,12/27/1986,12/24/2013,SURABAYA
POL-1384,M-002,F,3/19/1963,5/23/2013,SURABAYA
POL-1385,M-002,F,1/14/1972,5/19/2014,SURABAYA
POL-1386,M-002,F,9/10/1967,8/28/2015,SURABAYA
POL-1387,M-001,M,7/4/1958,6/23/2017,SURABAYA
POL-1388,M-003,F,7/14/1955,9/12/2013,SURABAYA
POL-1389,M-003,M,1/16/1987,9/5/2013,SURABAYA
POL-1390,M-002,M,8/11/1993,12/8/2016,SURABAYA
POL-1391,M-002,F,3/5/1976,6/26/2015,SURABAYA
POL-1392,M-002,M,1/11/1970,7/27/2015,SURABAYA
POL-1393,M-001,M,9/11/1956,8/10/2017,SURABAYA
POL-1394,M-002,F,1/9/1965,7/26/2017,SURABAYA
POL-1395,M-003,M,7/6/1976,10/5/2017,SURABAYA
POL-1396,M-003,F,8/17/1959,11/27/2017,SURABAYA
POL-1397,M-002,F,3/27/1993,10/28/2016,SURABAYA
POL-1398,M-002,M,5/23/1976,10/12/2017,SURABAYA
POL-1399,M-002,M,2/3/1964,9/26/2013,SURABAYA
POL-1400,M-002,F,10/10/1965,9/27/2013,SURABAYA
POL-1401,M-001,F,7/21/1967,1/25/2012,SURABAYA
POL-1402,M-002,M,4/11/1955,12/16/2011,SURABAYA
POL-1403,M-002,M,1/12/1957,8/9/2012,SURABAYA
POL-1404,M-002,M,10/31/1986,9/17/2012,SURABAYA
POL-1405,M-002,M,1/31/1953,2/28/2012,SURABAYA
POL-1406,M-002,F,1/11/1965,1/5/2012,SURABAYA
POL-1407,M-002,F,4/23/1968,8/2/2012,SURABAYA
POL-1408,M-002,M,5/17/2010,2/22/2012,SURABAYA
POL-1409,M-002,F,9/24/1980,1/24/2014,SURABAYA
POL-1410,M-002,F,7/25/2010,1/23/2014,SURABAYA
POL-1411,M-002,M,4/1/1976,11/5/2014,SURABAYA
POL-1412,M-002,M,1/19/1968,10/2/2014,SURABAYA
POL-1413,M-002,M,11/13/1982,1/24/2014,SURABAYA
POL-1414,M-002,M,5/28/2013,1/23/2014,SURABAYA
POL-1415,M-002,F,7/29/2008,1/23/2014,SURABAYA
POL-1416,M-002,F,8/7/1957,8/26/2016,SURABAYA
POL-1417,M-003,F,11/17/1990,3/21/2016,SURABAYA
POL-1418,M-002,F,10/27/2014,3/27/2017,SURABAYA
POL-1419,M-002,F,9/16/1982,11/24/2017,SURABAYA
POL-1420,M-002,M,10/2/1981,3/20/2015,SURABAYA
POL-1421,M-002,F,12/13/1954,4/11/2013,SURABAYA
POL-1422,M-002,F,8/6/1942,8/27/2014,SURABAYA
POL-1423,M-003,F,3/29/1970,1/9/2014,SURABAYA
POL-1424,M-003,M,3/3/1949,2/22/2012,SURABAYA
POL-1425,M-002,F,7/1/1954,2/22/2013,SURABAYA
POL-1426,M-002,M,6/8/1977,3/28/2012,SURABAYA
POL-1427,M-003,F,2/26/1960,2/22/2012,SURABAYA
POL-1428,M-003,F,10/2/1979,8/9/2012,SURABAYA
POL-1429,M-002,F,5/21/1954,1/22/2016,SURABAYA
POL-1430,M-002,M,4/5/1989,9/14/2016,SURABAYA
POL-1431,M-002,M,4/10/2001,12/8/2016,SURABAYA
POL-1432,M-003,M,8/13/1974,6/27/2014,SURABAYA
POL-1433,M-002,M,10/24/1987,1/23/2013,SURABAYA
POL-1434,M-002,F,10/3/1990,4/11/2013,SURABAYA
POL-1435,M-002,F,2/20/1961,3/8/2013,SURABAYA
POL-1436,M-003,F,8/31/1975,6/27/2014,JAKARTA
POL-1437,M-003,M,2/2/1970,3/22/2016,SURABAYA
POL-1438,M-003,F,4/8/1967,3/22/2016,SURABAYA
POL-1439,M-001,M,11/12/1955,4/28/2015,SURABAYA
POL-1440,M-002,F,4/1/1971,1/28/2016,SURABAYA
POL-1441,M-002,F,10/28/2015,5/27/2016,BANDUNG
POL-1442,M-003,M,11/23/1990,9/19/2013,SURABAYA
POL-1443,M-003,F,6/21/1993,9/17/2013,SURABAYA
POL-1444,M-003,F,9/4/1963,2/20/2014,SURABAYA
POL-1445,M-003,F,6/27/1958,7/27/2012,SURABAYA
POL-1446,M-002,F,11/27/1954,10/28/2013,SURABAYA
POL-1447,M-003,F,2/4/1998,9/17/2013,SURABAYA
POL-1448,M-002,M,3/29/2012,4/24/2012,SURABAYA
POL-1449,M-002,F,8/16/1969,12/20/2011,SURABAYA
POL-1450,M-003,M,9/11/1951,7/27/2012,SURABAYA
POL-1451,M-003,M,3/12/1985,3/2/2012,SURABAYA
POL-1452,M-003,M,3/27/1986,12/19/2011,SURABAYA
POL-1453,M-003,F,9/25/2013,1/22/2014,SURABAYA
POL-1454,M-002,M,7/2/1957,4/23/2014,SURABAYA
POL-1455,M-002,F,5/2/1972,7/18/2014,SURABAYA
POL-1456,M-003,F,10/5/1989,9/17/2013,SURABAYA
POL-1457,M-002,M,9/21/1955,12/28/2015,SURABAYA
POL-1458,M-002,F,4/3/1963,9/28/2014,SURABAYA
POL-1459,M-001,M,8/27/1958,9/25/2014,SURABAYA
POL-1460,M-002,M,9/27/1951,7/28/2016,SURABAYA
POL-1461,M-002,F,9/3/1976,12/15/2015,SURABAYA
POL-1462,M-002,M,9/3/1951,1/27/2016,SURABAYA
POL-1463,M-002,F,8/4/2010,12/19/2016,SURABAYA
POL-1464,M-002,F,4/5/1977,12/8/2015,SURABAYA
POL-1465,M-002,M,4/27/1958,1/25/2018,SURABAYA
POL-1466,M-002,F,9/10/1971,1/28/2018,SURABAYA
POL-1467,M-002,F,3/27/1947,3/24/2017,SURABAYA
POL-1468,M-003,F,6/28/1984,1/27/2014,SURABAYA
POL-1469,M-002,F,10/9/1944,10/7/2013,SURABAYA
POL-1470,M-002,F,8/6/1976,11/21/2013,SURABAYA
POL-1471,M-003,F,9/13/1972,9/10/2012,SURABAYA
POL-1472,M-002,F,10/15/1953,9/21/2012,SURABAYA
POL-1473,M-002,M,7/28/1978,11/21/2013,SURABAYA
POL-1474,M-002,M,1/19/1952,5/24/2012,SURABAYA
POL-1475,M-003,M,2/23/1981,1/28/2014,SURABAYA
POL-1476,M-003,F,11/24/1959,8/22/2014,SURABAYA
POL-1477,M-002,M,7/14/1955,8/28/2016,SURABAYA
POL-1478,M-002,F,8/4/2010,12/23/2016,SURABAYA
POL-1479,M-002,F,12/6/1959,8/28/2016,SURABAYA
POL-1480,M-002,F,8/1/1990,12/20/2016,SURABAYA
POL-1481,M-002,F,9/22/1960,1/26/2018,SURABAYA
POL-1482,M-002,M,10/1/1956,12/19/2017,SURABAYA
POL-1483,M-002,M,12/12/1962,9/11/2017,SURABAYA
POL-1484,M-001,F,8/29/1967,6/16/2017,SURABAYA
POL-1485,M-003,M,11/29/1965,5/21/2013,SURABAYA
POL-1486,M-003,F,6/7/1966,2/21/2012,SURABAYA
POL-1487,M-003,F,7/11/1952,6/15/2016,SURABAYA
POL-1488,M-002,F,3/15/1941,12/23/2016,SURABAYA
POL-1489,M-002,F,12/21/1966,5/20/2014,SURABAYA
POL-1490,M-001,M,7/11/2003,5/8/2013,SURABAYA
POL-1491,M-002,M,11/5/1977,5/28/2014,SURABAYA
POL-1492,M-002,F,9/28/1974,9/27/2012,SURABAYA
POL-1493,M-002,F,6/23/1978,5/28/2014,SURABAYA
POL-1494,M-002,F,4/24/1960,2/22/2013,SURABAYA
POL-1495,M-001,M,5/9/1963,5/6/2013,SURABAYA
POL-1496,M-002,F,9/5/2013,12/23/2013,SURABAYA
POL-1497,M-002,M,4/8/1969,1/9/2012,SURABAYA
POL-1498,M-003,M,5/4/1959,11/14/2012,SURABAYA
POL-1499,M-001,M,8/23/1952,8/20/2013,SURABAYA
POL-1500,M-001,F,1/21/1958,9/27/2013,SURABAYA
POL-1501,M-001,M,2/11/1952,4/13/2016,SURABAYA
POL-1502,M-002,M,11/8/1971,5/16/2017,SURABAYA
POL-1503,M-002,M,8/13/1971,11/14/2016,SURABAYA
POL-1504,M-002,F,11/6/2002,11/4/2016,SURABAYA
POL-1505,M-002,F,1/9/1975,11/14/2016,SURABAYA
POL-1506,M-001,M,8/22/1969,1/28/2015,SURABAYA
POL-1507,M-002,M,1/1/1959,4/28/2013,JAKARTA
POL-1508,M-003,M,12/15/1976,4/26/2013,JAKARTA
POL-1509,M-003,F,7/20/1936,1/22/2013,JAKARTA
POL-1510,M-003,F,10/27/1988,3/28/2012,JAKARTA
POL-1511,M-003,M,11/1/1963,8/16/2012,JAKARTA
POL-1512,M-001,F,6/7/1955,2/28/2013,JAKARTA
POL-1513,M-003,F,3/30/1975,10/28/2012,JAKARTA
POL-1514,M-002,M,9/26/1975,12/28/2012,JAKARTA
POL-1515,M-003,M,9/27/2000,10/28/2012,JAKARTA
POL-1516,M-001,M,6/18/1971,12/17/2012,JAKARTA
POL-1517,M-003,F,11/1/1956,1/22/2013,JAKARTA
POL-1518,M-003,M,4/27/1949,6/26/2013,JAKARTA
POL-1519,M-002,M,10/26/1986,9/17/2014,SURABAYA
POL-1520,M-002,M,5/6/1990,9/17/2014,SURABAYA
POL-1521,M-002,M,11/28/1978,10/28/2014,SURABAYA
POL-1522,M-003,M,12/27/2001,10/17/2013,MALANG
POL-1523,M-003,F,2/12/1997,10/17/2013,MALANG
POL-1524,M-002,F,7/26/1954,4/28/2015,BLITAR
POL-1525,M-002,M,9/19/2002,6/17/2013,SURABAYA
POL-1526,M-002,M,7/21/1981,12/5/2013,SURABAYA
POL-1527,M-002,F,11/15/1977,12/4/2013,SURABAYA
POL-1528,M-002,F,12/6/1954,3/25/2014,SURABAYA
POL-1529,M-002,M,7/17/1977,5/14/2014,SURABAYA
POL-1530,M-003,M,8/27/1973,6/27/2014,SURABAYA
POL-1531,M-003,F,7/7/1955,6/25/2013,JAKARTA
POL-1532,M-002,M,5/21/1970,12/21/2012,JAKARTA
POL-1533,M-001,M,11/2/1945,11/27/2012,JAKARTA
POL-1534,M-002,F,1/29/1959,1/20/2014,JAKARTA
POL-1535,M-003,F,7/20/1959,2/26/2013,JAKARTA
POL-1536,M-002,F,1/18/1972,6/23/2014,JAKARTA
POL-1537,M-003,M,6/15/1970,9/13/2012,MALANG
POL-1538,M-002,M,11/22/1968,10/28/2014,MALANG
POL-1539,M-002,F,1/9/1997,11/7/2017,BLITAR
POL-1540,M-002,F,3/14/1954,11/18/2015,BLITAR
POL-1541,M-003,F,5/7/1990,8/28/2015,BLITAR
POL-1542,M-002,M,10/30/1952,11/13/2015,BLITAR
POL-1543,M-002,M,2/9/1972,10/28/2017,SURABAYA
POL-1544,M-002,M,7/6/2005,6/8/2017,SURABAYA
POL-1545,M-002,F,4/25/1950,5/22/2017,SURABAYA
POL-1546,M-002,F,1/17/2007,6/9/2017,SURABAYA
POL-1547,M-001,M,6/26/1954,5/28/2017,SURABAYA
POL-1548,M-002,F,4/3/1961,2/28/2017,SURABAYA
POL-1549,M-002,M,7/20/1971,6/25/2014,JAKARTA
POL-1550,M-003,F,1/7/1978,2/28/2014,JAKARTA
POL-1551,M-002,F,6/7/1951,3/24/2015,JAKARTA
POL-1552,M-002,F,12/29/1969,8/24/2015,JAKARTA
POL-1553,M-002,F,5/29/1975,2/25/2015,JAKARTA
POL-1554,M-003,M,1/25/1965,2/12/2015,JAKARTA
POL-1555,M-002,F,12/28/1981,5/28/2017,SURABAYA
POL-1556,M-002,F,8/6/1975,9/27/2016,SURABAYA
POL-1557,M-001,F,11/1/1971,6/14/2016,SURABAYA
POL-1558,M-001,M,2/6/1967,5/28/2016,SURABAYA
POL-1559,M-002,M,9/27/1985,5/22/2017,SURABAYA
POL-1560,M-002,M,4/14/2017,6/9/2017,SURABAYA
POL-1561,M-003,F,3/5/1955,3/22/2012,JAKARTA
POL-1562,M-002,M,9/12/1956,5/25/2012,JAKARTA
POL-1563,M-003,F,9/25/1955,12/28/2012,JAKARTA
POL-1564,M-002,F,8/10/2009,12/26/2012,JAKARTA
POL-1565,M-002,F,11/22/1986,2/20/2014,JAKARTA
POL-1566,M-002,F,4/2/1999,6/28/2016,JAKARTA
POL-1567,M-003,M,9/13/1950,8/28/2016,JAKARTA
POL-1568,M-003,F,3/19/1958,12/28/2014,JAKARTA
POL-1569,M-003,M,1/28/1959,9/28/2013,JAKARTA
POL-1570,M-002,M,10/19/1971,7/27/2012,JAKARTA
POL-1571,M-003,F,5/27/1941,10/22/2012,JAKARTA
POL-1572,M-002,M,5/13/1950,11/19/2014,JAKARTA
POL-1573,M-002,F,6/26/1980,1/8/2018,JAKARTA
POL-1574,M-003,F,10/9/1986,10/2/2016,JAKARTA
POL-1575,M-001,F,9/30/1982,9/12/2017,JAKARTA
POL-1576,M-003,F,8/7/2003,9/12/2017,JAKARTA
POL-1577,M-003,F,5/16/1972,1/28/2018,JAKARTA
POL-1578,M-003,F,12/30/1947,11/15/2017,JAKARTA
POL-1579,M-003,M,12/17/1966,1/28/2018,JAKARTA
POL-1580,M-002,F,6/10/1985,10/28/2015,JAKARTA
POL-1581,M-003,M,7/12/1984,2/10/2016,JAKARTA
POL-1582,M-002,F,12/1/1977,2/15/2016,JAKARTA
POL-1583,M-002,F,3/20/2015,6/22/2015,JAKARTA
POL-1584,M-002,M,7/5/1982,10/28/2015,JAKARTA
POL-1585,M-001,F,9/23/1981,3/28/2016,JAKARTA
POL-1586,M-002,F,5/7/2007,2/15/2016,JAKARTA
POL-1587,M-003,F,12/17/1993,3/28/2016,JAKARTA
POL-1588,M-001,M,1/27/1974,3/28/2016,JAKARTA
POL-1589,M-002,F,1/29/1957,9/19/2012,JAKARTA
POL-1590,M-002,F,8/23/1974,9/17/2012,JAKARTA
POL-1591,M-002,F,12/25/2011,11/8/2013,JAKARTA
POL-1592,M-002,F,8/28/1966,2/13/2013,JAKARTA
POL-1593,M-003,M,7/10/1982,1/8/2013,JAKARTA
POL-1594,M-003,M,5/19/1989,1/22/2013,JAKARTA
POL-1595,M-002,M,3/7/1957,1/8/2013,JAKARTA
POL-1596,M-002,F,4/13/1981,7/25/2013,JAKARTA
POL-1597,M-003,F,11/9/1953,1/28/2018,JAKARTA
POL-1598,M-003,M,4/18/1951,1/28/2018,JAKARTA
POL-1599,M-003,F,1/21/1954,10/28/2017,JAKARTA
POL-1600,M-002,F,11/19/1976,5/28/2017,JAKARTA
POL-1601,M-003,M,1/24/1965,2/21/2017,JAKARTA
POL-1602,M-003,F,8/24/1976,12/7/2016,JAKARTA
POL-1603,M-003,M,1/25/1982,8/11/2017,JAKARTA
POL-1604,M-002,F,9/22/1967,3/10/2015,JAKARTA
POL-1605,M-002,M,6/14/1966,3/9/2015,JAKARTA
POL-1606,M-002,F,7/29/1976,10/22/2013,JAKARTA
POL-1607,M-003,M,8/22/1969,7/15/2014,JAKARTA
POL-1608,M-001,F,6/26/1971,11/27/2012,JAKARTA
POL-1609,M-003,F,6/4/1976,12/18/2012,JAKARTA
POL-1610,M-002,F,3/21/2011,3/28/2013,JAKARTA
POL-1611,M-001,F,7/28/1968,4/8/2013,JAKARTA
POL-1612,M-001,M,6/27/1951,2/17/2012,JAKARTA
POL-1613,M-002,M,6/8/1976,12/9/2011,JAKARTA
POL-1614,M-003,M,11/9/1984,5/21/2013,JAKARTA
POL-1615,M-002,M,9/8/1962,4/23/2013,JAKARTA
POL-1616,M-002,M,11/22/1970,9/11/2012,JAKARTA
POL-1617,M-003,F,6/25/1951,10/27/2014,JAKARTA
POL-1618,M-003,F,10/23/1977,10/22/2014,JAKARTA
POL-1619,M-003,M,10/23/1985,4/17/2015,JAKARTA
POL-1620,M-003,M,12/6/1998,3/28/2014,BANDUNG
POL-1621,M-002,M,10/27/1975,3/15/2017,BANDUNG
POL-1622,M-003,M,2/23/1975,12/24/2014,JAKARTA
POL-1623,M-002,M,6/9/1963,10/28/2013,JAKARTA
POL-1624,M-003,F,2/14/2009,6/23/2015,JAKARTA
POL-1625,M-003,M,8/27/2015,1/21/2016,JAKARTA
POL-1626,M-001,M,6/19/1970,9/26/2012,BANDUNG
POL-1627,M-003,M,12/16/1954,7/9/2012,BANDUNG
POL-1628,M-003,M,10/9/1967,5/28/2012,BANDUNG
POL-1629,M-001,F,2/3/1974,9/26/2012,BANDUNG
POL-1630,M-002,F,11/27/1948,8/8/2012,BANDUNG
POL-1631,M-002,F,11/27/2004,12/19/2014,BANDUNG
POL-1632,M-003,F,9/12/1971,3/15/2012,BANDUNG
POL-1633,M-003,F,3/27/1980,9/8/2014,BANDUNG
POL-1634,M-002,F,5/6/1957,2/13/2017,BANDUNG
POL-1635,M-003,M,8/11/1955,5/20/2015,JAKARTA
POL-1636,M-002,M,12/19/1966,8/24/2015,JAKARTA
POL-1637,M-002,M,10/29/1996,2/16/2016,JAKARTA
POL-1638,M-002,F,9/26/2001,2/21/2013,JAKARTA
POL-1639,M-003,M,7/18/1977,11/6/2013,JAKARTA
POL-1640,M-003,F,3/30/1982,11/7/2013,JAKARTA
POL-1641,M-002,M,6/30/1986,12/6/2012,JAKARTA
POL-1642,M-001,F,9/16/1977,2/18/2013,JAKARTA
POL-1643,M-002,F,11/15/1984,12/6/2012,JAKARTA
POL-1644,M-002,M,7/15/2005,2/18/2013,JAKARTA
POL-1645,M-002,F,2/6/2014,4/11/2014,JAKARTA
POL-1646,M-003,F,7/12/1956,4/27/2016,SURABAYA
POL-1647,M-002,F,11/28/1994,5/15/2013,SURABAYA
POL-1648,M-003,M,11/10/1962,10/28/2012,SURABAYA
POL-1649,M-003,F,8/10/1963,4/20/2012,SURABAYA
POL-1650,M-002,F,9/28/1998,5/15/2013,SURABAYA
POL-1651,M-002,F,11/18/1985,4/28/2014,SURABAYA
POL-1652,M-002,F,9/18/2001,5/15/2013,SURABAYA
POL-1653,M-002,M,9/15/1954,5/28/2014,SURABAYA
POL-1654,M-002,F,11/22/1964,10/28/2012,SURABAYA
POL-1655,M-003,M,12/19/1987,6/18/2013,SURABAYA
POL-1656,M-003,F,4/29/1987,12/28/2011,SURABAYA
POL-1657,M-002,M,3/6/1956,12/28/2011,SURABAYA
POL-1658,M-002,M,7/28/1985,12/28/2011,SURABAYA
POL-1659,M-002,M,4/2/1951,12/16/2011,SURABAYA
POL-1660,M-002,M,8/4/1983,3/28/2012,SURABAYA
POL-1661,M-002,M,2/9/1956,9/24/2012,JAKARTA
POL-1662,M-003,F,11/23/1955,3/28/2015,JAKARTA
POL-1663,M-002,F,5/10/1958,9/27/2012,JAKARTA
POL-1664,M-002,F,4/15/1982,4/11/2013,JAKARTA
POL-1665,M-003,M,11/3/1944,12/23/2011,JAKARTA
POL-1666,M-003,F,7/5/1947,7/28/2013,JAKARTA
POL-1667,M-002,M,11/30/1960,2/14/2013,JAKARTA
POL-1668,M-003,M,6/20/1950,1/17/2012,JAKARTA
POL-1669,M-002,F,2/28/1952,2/24/2012,JAKARTA
POL-1670,M-002,F,10/13/1989,11/23/2012,JAKARTA
POL-1671,M-003,F,11/4/1949,1/17/2012,JAKARTA
POL-1672,M-003,F,8/2/1957,11/25/2015,JAKARTA
POL-1673,M-003,F,6/17/1966,1/22/2016,JAKARTA
POL-1674,M-003,F,5/14/2000,6/20/2016,JAKARTA
POL-1675,M-002,F,5/10/1950,6/28/2016,JAKARTA
POL-1676,M-002,M,3/15/1949,6/28/2016,JAKARTA
POL-1677,M-003,M,11/30/1997,4/26/2017,JAKARTA
POL-1678,M-003,M,5/24/1970,6/20/2016,JAKARTA
POL-1679,M-003,F,10/1/1968,6/21/2016,JAKARTA
POL-1680,M-003,F,6/18/1980,2/13/2017,JAKARTA
POL-1681,M-002,M,6/2/1989,10/28/2014,MEDAN
POL-1682,M-002,F,7/9/1971,11/6/2012,MEDAN
POL-1683,M-001,M,12/20/1965,11/28/2012,MEDAN
POL-1684,M-002,M,1/15/1969,11/6/2012,MEDAN
POL-1685,M-003,M,11/30/2003,11/28/2012,BANDUNG
POL-1686,M-001,M,5/26/1963,8/28/2015,MAKASSAR
POL-1687,M-001,M,4/7/1979,7/28/2015,MAKASSAR
POL-1688,M-001,F,5/11/1969,8/28/2015,MAKASSAR
POL-1689,M-001,M,5/10/1985,5/9/2014,JAKARTA
POL-1690,M-001,M,5/26/1976,4/22/2014,JAKARTA
POL-1691,M-003,M,5/4/1962,1/17/2017,JAKARTA
POL-1692,M-003,F,3/28/1994,11/22/2017,JAKARTA
POL-1693,M-001,M,5/18/1968,5/27/2016,MAKASSAR
POL-1694,M-001,M,6/24/1970,1/12/2017,MAKASSAR
POL-1695,M-003,F,9/26/2006,7/19/2016,SURABAYA
POL-1696,M-002,F,4/24/1989,10/28/2016,SURABAYA
POL-1697,M-002,M,3/10/1945,6/15/2017,SURABAYA
POL-1698,M-002,F,5/21/1960,12/19/2016,SURABAYA
POL-1699,M-001,M,6/27/1981,2/16/2016,SURABAYA
POL-1700,M-002,F,9/29/1976,10/16/2015,SURABAYA
POL-1701,M-003,M,10/19/1974,12/22/2015,SURABAYA
POL-1702,M-002,M,4/21/1976,10/16/2015,SURABAYA
POL-1703,M-003,F,8/15/2005,10/6/2017,SURABAYA
POL-1704,M-003,M,2/12/1974,8/4/2017,SURABAYA
POL-1705,M-001,M,2/27/1967,3/6/2017,SURABAYA
POL-1706,M-003,M,10/25/1985,9/16/2016,SURABAYA
POL-1707,M-003,M,11/22/1961,5/20/2016,SURABAYA
POL-1708,M-003,M,3/25/2012,11/28/2016,SURABAYA
POL-1709,M-001,F,11/14/1965,3/7/2017,SURABAYA
POL-1710,M-002,M,1/24/1981,6/8/2017,SURABAYA
POL-1711,M-003,F,10/22/2012,1/10/2017,SURABAYA
POL-1712,M-003,F,7/27/1956,8/28/2016,SURABAYA
POL-1713,M-003,M,7/4/1992,8/26/2016,SURABAYA
POL-1714,M-003,F,3/20/2014,10/6/2017,SURABAYA
POL-1715,M-001,M,12/8/1993,3/24/2017,SURABAYA
POL-1716,M-001,M,2/9/1983,7/25/2017,SURABAYA
POL-1717,M-002,F,11/15/1988,10/10/2017,SURABAYA
POL-1718,M-003,F,12/28/1994,11/1/2017,SURABAYA
POL-1719,M-003,M,2/1/1989,5/25/2016,SURABAYA
POL-1720,M-003,F,6/26/2003,4/28/2016,SURABAYA
POL-1721,M-003,F,3/30/1980,1/25/2017,SURABAYA
POL-1722,M-002,F,11/20/1951,12/28/2016,SURABAYA
POL-1723,M-003,M,2/28/2008,10/7/2016,SURABAYA
POL-1724,M-003,F,8/24/1993,10/27/2017,SURABAYA
POL-1725,M-003,M,4/25/1988,9/23/2016,SURABAYA
POL-1726,M-003,M,2/10/1979,8/21/2017,SURABAYA
POL-1727,M-002,F,5/8/2008,6/9/2017,SURABAYA
POL-1728,M-002,M,3/20/2015,3/16/2017,SURABAYA
POL-1729,M-003,M,5/28/1976,1/25/2016,SURABAYA
POL-1730,M-002,F,6/6/1974,6/4/2016,SURABAYA
POL-1731,M-003,M,9/24/1968,10/11/2016,SURABAYA
POL-1732,M-003,M,4/21/1948,1/6/2016,SURABAYA
POL-1733,M-003,F,8/15/2002,1/25/2016,SURABAYA
POL-1734,M-003,M,6/3/1981,12/28/2015,SURABAYA
POL-1735,M-003,F,5/29/1979,11/8/2017,SURABAYA
POL-1736,M-003,F,11/11/1990,5/17/2016,SURABAYA
POL-1737,M-003,F,5/17/2006,10/7/2016,SURABAYA
POL-1738,M-002,M,11/9/1967,12/23/2016,SURABAYA
POL-1739,M-003,F,11/25/1987,12/28/2015,SURABAYA
POL-1740,M-003,F,11/5/1981,1/10/2017,SURABAYA
POL-1741,M-003,M,12/2/2009,1/10/2017,SURABAYA
POL-1742,M-003,F,6/20/2002,5/24/2017,SURABAYA
POL-1743,M-003,M,9/16/2011,4/28/2016,SURABAYA
POL-1744,M-003,M,11/21/1975,4/28/2016,SURABAYA
POL-1745,M-002,M,6/26/2002,9/14/2016,SURABAYA
POL-1746,M-003,F,11/22/1974,11/11/2015,SURABAYA
POL-1747,M-003,F,8/23/1976,3/28/2016,SURABAYA
POL-1748,M-003,F,1/19/1979,4/28/2016,SURABAYA
POL-1749,M-003,M,11/27/1985,5/26/2016,SURABAYA
POL-1750,M-003,F,6/28/1993,1/10/2017,SURABAYA
POL-1751,M-003,M,6/23/1953,6/15/2016,SURABAYA
POL-1752,M-003,M,12/23/1965,5/28/2016,SURABAYA
POL-1753,M-003,M,1/18/1973,3/22/2016,SURABAYA
POL-1754,M-003,F,9/25/1994,2/22/2017,SURABAYA
POL-1755,M-003,M,1/6/1972,7/28/2016,SURABAYA
POL-1756,M-003,M,7/23/1957,10/21/2016,SURABAYA
POL-1757,M-003,M,7/24/2001,11/3/2016,SURABAYA
POL-1758,M-003,F,7/5/1978,12/9/2016,SURABAYA
POL-1759,M-002,F,6/4/1971,12/26/2013,SURABAYA
POL-1760,M-001,M,3/17/1964,3/15/2016,SURABAYA
POL-1761,M-002,F,8/26/1965,11/18/2014,SURABAYA
POL-1762,M-002,F,7/12/1959,2/12/2014,SURABAYA
POL-1763,M-002,F,4/19/1972,12/13/2013,SURABAYA
POL-1764,M-003,M,5/24/1996,3/20/2013,SURABAYA
POL-1765,M-003,M,1/7/1995,9/28/2012,SURABAYA
POL-1766,M-002,M,8/5/1964,8/3/2012,SURABAYA
POL-1767,M-002,F,5/9/1982,6/27/2014,SURABAYA
POL-1768,M-003,F,5/16/1948,10/11/2012,SURABAYA
POL-1769,M-003,M,3/29/1974,10/28/2015,SURABAYA
POL-1770,M-002,F,10/26/1959,10/25/2016,SURABAYA
POL-1771,M-002,F,11/11/2015,4/20/2017,SURABAYA
POL-1772,M-003,F,7/16/1962,4/28/2015,SURABAYA
POL-1773,M-002,F,10/27/1988,8/28/2015,SURABAYA
POL-1774,M-002,M,11/11/1960,1/28/2013,SURABAYA
POL-1775,M-002,F,8/15/1963,1/28/2013,SURABAYA
POL-1776,M-002,F,1/29/1966,2/7/2013,SURABAYA
POL-1777,M-003,F,7/22/1955,11/6/2017,SURABAYA
POL-1778,M-003,M,6/6/1963,10/5/2017,SURABAYA
POL-1779,M-002,M,7/10/1960,2/14/2017,SURABAYA
POL-1780,M-002,F,10/23/1966,5/19/2016,SURABAYA
POL-1781,M-002,M,12/18/1985,5/22/2017,SURABAYA
POL-1782,M-003,F,3/6/1965,10/3/2017,SURABAYA
POL-1783,M-002,M,11/25/1974,11/10/2016,SURABAYA
POL-1784,M-002,F,2/9/1995,6/26/2015,SURABAYA
POL-1785,M-003,F,11/28/1946,2/28/2016,SURABAYA
POL-1786,M-002,F,10/21/1959,3/16/2015,SURABAYA
POL-1787,M-001,M,6/28/1961,12/26/2014,SURABAYA
POL-1788,M-002,F,12/6/1962,6/5/2013,SURABAYA
POL-1789,M-002,F,7/17/1967,4/28/2015,SURABAYA
POL-1790,M-003,M,9/2/1959,5/19/2014,SURABAYA
POL-1791,M-003,M,3/2/1976,3/18/2015,SURABAYA
POL-1792,M-002,F,9/17/1988,5/23/2016,SURABAYA
POL-1793,M-002,M,6/1/1971,4/27/2016,JAKARTA
POL-1794,M-001,F,10/10/1967,5/27/2016,SURABAYA
POL-1795,M-003,F,7/17/1974,4/28/2015,SURABAYA
POL-1796,M-001,F,2/23/1991,4/21/2015,SURABAYA
POL-1797,M-001,M,11/10/1970,1/28/2015,SURABAYA
POL-1798,M-002,F,5/14/1975,1/20/2015,SURABAYA
POL-1799,M-001,M,2/4/1951,4/20/2016,SURABAYA
POL-1800,M-003,M,7/16/2010,1/28/2015,SURABAYA
POL-1801,M-003,M,7/5/1967,5/19/2014,SURABAYA
POL-1802,M-002,M,7/7/1966,4/28/2015,SURABAYA
POL-1803,M-003,F,6/18/1968,5/14/2014,SURABAYA
POL-1804,M-002,F,5/15/1972,1/28/2013,SURABAYA
POL-1805,M-003,M,7/28/2001,12/5/2012,SURABAYA
POL-1806,M-003,F,1/18/2005,12/5/2012,SURABAYA
POL-1807,M-003,F,8/13/1972,5/23/2014,SURABAYA
POL-1808,M-003,M,7/3/1979,2/13/2013,SURABAYA
POL-1809,M-003,F,11/28/2003,12/5/2012,SURABAYA
POL-1810,M-003,M,4/16/1999,12/12/2012,SURABAYA
POL-1811,M-003,M,4/26/2001,12/12/2012,SURABAYA
POL-1812,M-001,F,10/20/1960,3/8/2012,SURABAYA
POL-1813,M-001,F,8/7/1986,3/8/2012,SURABAYA
POL-1814,M-001,M,11/23/1997,3/9/2012,SURABAYA
POL-1815,M-002,F,10/28/1958,1/22/2014,SURABAYA
POL-1816,M-001,M,5/11/1956,3/8/2012,SURABAYA
POL-1817,M-001,M,4/24/1999,3/8/2012,SURABAYA
POL-1818,M-001,F,12/9/1987,3/8/2012,SURABAYA
POL-1819,M-003,M,5/27/1982,2/21/2013,SURABAYA
POL-1820,M-003,M,10/7/1974,1/7/2014,SURABAYA
POL-1821,M-001,F,8/15/1954,5/10/2012,SURABAYA
POL-1822,M-002,M,11/1/1957,5/28/2014,SURABAYA
POL-1823,M-003,F,7/27/1943,2/20/2014,SURABAYA
POL-1824,M-002,M,3/12/1956,6/4/2013,SURABAYA
POL-1825,M-002,M,6/9/1961,2/28/2012,SURABAYA
POL-1826,M-001,F,9/17/1944,4/12/2012,SURABAYA
POL-1827,M-002,M,9/12/1966,3/20/2015,SURABAYA
POL-1828,M-002,M,3/26/1972,4/28/2013,SURABAYA
POL-1829,M-003,M,4/29/1958,9/28/2017,SURABAYA
POL-1830,M-002,M,4/13/1978,4/12/2017,SURABAYA
POL-1831,M-001,F,12/19/1961,4/28/2015,SURABAYA
POL-1832,M-002,M,4/3/1965,1/28/2016,SURABAYA
POL-1833,M-002,M,1/17/1981,4/28/2016,SURABAYA
POL-1834,M-002,F,6/20/1963,7/25/2012,SURABAYA
POL-1835,M-002,F,11/25/1965,9/17/2014,SURABAYA
POL-1836,M-002,M,7/15/2001,9/27/2012,SURABAYA
POL-1837,M-001,M,2/18/1965,1/6/2016,SURABAYA
POL-1838,M-002,F,8/21/1944,1/27/2017,SURABAYA
POL-1839,M-001,M,4/27/2000,1/6/2016,SURABAYA
POL-1840,M-001,F,9/15/1994,1/6/2016,SURABAYA
POL-1841,M-003,F,1/16/1964,4/7/2016,SURABAYA
POL-1842,M-003,F,5/18/1971,4/19/2016,SURABAYA
POL-1843,M-002,M,2/10/1973,3/27/2014,SURABAYA
POL-1844,M-003,M,3/21/1972,12/5/2013,SURABAYA
POL-1845,M-003,F,4/5/1968,9/17/2013,SURABAYA
POL-1846,M-002,F,9/24/1960,6/7/2013,SURABAYA
POL-1847,M-002,M,1/31/1976,12/20/2011,SURABAYA
POL-1848,M-003,F,1/18/1961,10/28/2012,SURABAYA
POL-1849,M-002,M,1/27/1960,12/20/2016,SURABAYA
POL-1850,M-002,F,7/17/1969,12/19/2017,SURABAYA
POL-1851,M-002,M,3/21/1967,12/19/2017,SURABAYA
POL-1852,M-003,M,2/12/1963,9/26/2017,SURABAYA
POL-1853,M-001,F,8/3/1962,4/24/2015,SURABAYA
POL-1854,M-001,F,10/14/1990,4/21/2015,SURABAYA
POL-1855,M-002,F,2/22/1948,3/18/2013,SURABAYA
POL-1856,M-003,M,7/9/1962,11/28/2012,SURABAYA
POL-1857,M-002,F,9/20/1963,2/7/2012,SURABAYA
POL-1858,M-002,F,1/11/1976,7/24/2012,SURABAYA
POL-1859,M-002,M,6/24/1964,7/23/2012,SURABAYA
POL-1860,M-003,M,12/29/1983,11/23/2012,SURABAYA
POL-1861,M-001,F,9/12/2009,12/19/2014,SURABAYA
POL-1862,M-001,F,8/17/1997,8/28/2017,SURABAYA
POL-1863,M-003,M,2/19/1968,7/28/2015,SURABAYA
POL-1864,M-002,M,8/19/1962,12/9/2013,SURABAYA
POL-1865,M-002,F,6/6/1971,11/3/2015,SURABAYA
POL-1866,M-002,F,7/15/1969,7/12/2015,SURABAYA
POL-1867,M-003,F,4/23/1943,9/25/2013,SURABAYA
POL-1868,M-002,F,7/19/1966,8/14/2012,SURABAYA
POL-1869,M-002,M,2/16/1970,9/27/2012,SURABAYA
POL-1870,M-002,F,6/4/1969,4/4/2013,SURABAYA
POL-1871,M-002,F,4/4/1978,9/24/2012,SURABAYA
POL-1872,M-003,F,7/22/1998,6/14/2013,SURABAYA
POL-1873,M-002,M,5/7/1951,1/12/2012,SURABAYA
POL-1874,M-003,M,3/10/2004,3/21/2012,SURABAYA
POL-1875,M-001,M,9/27/1977,4/28/2015,SURABAYA
POL-1876,M-001,M,6/1/1996,8/28/2017,SURABAYA
POL-1877,M-001,M,6/3/1994,1/23/2018,SURABAYA
POL-1878,M-002,M,7/29/1957,3/28/2017,SURABAYA
POL-1879,M-003,F,8/21/1956,6/10/2015,SURABAYA
POL-1880,M-003,M,3/30/1993,11/24/2014,SURABAYA
POL-1881,M-003,M,11/12/1968,1/9/2018,SURABAYA
POL-1882,M-002,M,1/29/1968,4/28/2015,SURABAYA
POL-1883,M-003,F,3/12/1944,9/5/2016,SURABAYA
POL-1884,M-002,M,5/7/1954,11/9/2016,SURABAYA
POL-1885,M-002,M,5/4/1954,6/10/2016,SURABAYA
POL-1886,M-001,M,12/16/1975,12/6/2016,SURABAYA
POL-1887,M-002,F,10/26/1976,10/12/2015,SURABAYA
POL-1888,M-003,F,8/21/1978,12/6/2016,SURABAYA
POL-1889,M-001,M,10/6/1976,12/13/2016,SURABAYA
POL-1890,M-003,F,7/9/1940,6/28/2016,SURABAYA
POL-1891,M-001,M,4/7/1967,1/25/2018,SURABAYA
POL-1892,M-002,F,8/10/1962,9/27/2013,SURABAYA
POL-1893,M-001,F,4/7/1963,7/22/2015,SURABAYA
POL-1894,M-002,M,1/19/1953,9/10/2014,SURABAYA
POL-1895,M-002,F,4/2/1967,1/21/2016,SURABAYA
POL-1896,M-002,M,10/15/1956,3/12/2015,SURABAYA
POL-1897,M-001,M,8/31/1965,7/28/2017,SURABAYA
POL-1898,M-002,F,4/10/1990,12/18/2017,SURABAYA
POL-1899,M-001,F,6/8/1977,11/7/2017,SURABAYA
POL-1900,M-002,F,9/12/1982,9/27/2017,SURABAYA
POL-1901,M-001,F,8/2/1969,7/28/2017,SURABAYA
POL-1902,M-001,M,7/17/2004,8/25/2017,SURABAYA
POL-1903,M-002,F,5/14/1969,12/23/2015,JAKARTA
POL-1904,M-002,M,3/29/1990,6/24/2015,JAKARTA
POL-1905,M-002,F,9/5/1971,12/23/2015,JAKARTA
POL-1906,M-003,M,2/2/1964,3/22/2013,SURABAYA
POL-1907,M-003,F,11/30/1950,11/28/2015,SURABAYA
POL-1908,M-002,F,11/3/1976,6/24/2015,SURABAYA
POL-1909,M-001,M,11/27/1977,11/7/2017,SURABAYA
POL-1910,M-001,F,12/31/1978,8/8/2017,SURABAYA
POL-1911,M-001,M,12/10/1975,12/6/2017,SURABAYA
POL-1912,M-001,M,11/29/1991,1/23/2018,SURABAYA
POL-1913,M-003,F,7/12/2007,11/24/2016,SURABAYA
POL-1914,M-001,F,9/24/2004,12/18/2017,SURABAYA
POL-1915,M-002,F,7/30/1970,4/28/2015,SURABAYA
POL-1916,M-002,M,5/20/2011,5/19/2013,SURABAYA
POL-1917,M-002,M,1/29/1959,1/23/2013,SURABAYA
POL-1918,M-002,F,6/18/1970,1/23/2013,SURABAYA
POL-1919,M-002,F,10/2/1970,2/19/2013,SURABAYA
POL-1920,M-003,M,4/8/1957,8/12/2014,SURABAYA
POL-1921,M-001,M,8/7/2010,12/18/2017,SURABAYA
POL-1922,M-003,M,6/20/2014,11/24/2016,SURABAYA
POL-1923,M-002,M,4/15/1974,7/28/2017,SURABAYA
POL-1924,M-001,F,5/2/1978,12/27/2016,SURABAYA
POL-1925,M-001,M,11/6/1989,2/20/2017,SURABAYA
POL-1926,M-002,F,2/12/2015,4/21/2015,SURABAYA
POL-1927,M-002,M,9/25/1969,1/24/2017,SURABAYA
POL-1928,M-002,M,5/10/1957,4/28/2016,SURABAYA
POL-1929,M-001,M,4/18/1984,4/17/2013,SURABAYA
POL-1930,M-003,M,3/3/1962,4/8/2013,SURABAYA
POL-1931,M-002,M,12/27/1964,9/24/2012,SURABAYA
POL-1932,M-003,M,9/8/1956,1/15/2014,JAKARTA
POL-1933,M-002,F,1/2/2006,10/20/2015,SURABAYA
POL-1934,M-002,F,12/29/1994,4/23/2015,SURABAYA
POL-1935,M-002,F,11/1/1962,12/27/2016,SURABAYA
POL-1936,M-002,M,3/8/1960,2/10/2016,SURABAYA
POL-1937,M-002,M,10/2/1964,6/10/2014,SURABAYA
POL-1938,M-003,M,12/23/1971,12/20/2011,SURABAYA
POL-1939,M-002,F,11/23/1979,5/11/2012,SURABAYA
POL-1940,M-002,F,1/5/1971,2/5/2013,SURABAYA
POL-1941,M-002,M,3/20/1958,2/6/2013,SURABAYA
POL-1942,M-003,F,10/20/1973,3/13/2012,SURABAYA
POL-1943,M-002,M,5/2/1967,7/15/2013,SURABAYA
POL-1944,M-002,M,10/18/1960,10/11/2013,SURABAYA
POL-1945,M-001,F,3/8/2015,4/28/2015,SURABAYA
POL-1946,M-003,F,3/5/1987,4/21/2015,SURABAYA
POL-1947,M-002,F,9/28/1975,1/25/2016,SURABAYA
POL-1948,M-003,F,3/21/1986,4/28/2015,SURABAYA
POL-1949,M-002,M,6/3/2015,8/28/2015,SURABAYA
POL-1950,M-002,F,1/1/1961,3/28/2017,SURABAYA
POL-1951,M-002,M,10/26/1974,7/28/2017,SURABAYA
POL-1952,M-002,F,5/7/1978,12/19/2017,SURABAYA
POL-1953,M-002,M,8/8/1989,9/10/2015,SURABAYA
POL-1954,M-002,M,10/24/1974,10/12/2015,SURABAYA
POL-1955,M-001,F,4/12/1989,5/22/2015,SURABAYA
POL-1956,M-002,F,4/7/2012,4/28/2015,SURABAYA
POL-1957,M-002,M,6/22/1956,7/28/2013,SURABAYA
POL-1958,M-003,M,2/6/1978,6/19/2015,SURABAYA
POL-1959,M-002,M,10/25/1972,5/28/2015,SURABAYA
POL-1960,M-002,F,4/4/1970,7/24/2017,SURABAYA
POL-1961,M-002,F,5/30/1962,5/26/2016,SURABAYA
POL-1962,M-003,F,2/24/1968,6/24/2015,SURABAYA
POL-1963,M-003,M,7/2/1986,10/7/2016,SURABAYA
POL-1964,M-003,F,3/10/1988,10/11/2016,SURABAYA
POL-1965,M-002,M,1/9/1979,2/5/2016,SURABAYA
POL-1966,M-002,M,2/8/1994,7/28/2016,SURABAYA
POL-1967,M-002,F,5/19/1958,8/10/2016,SURABAYA
POL-1968,M-001,M,4/18/2012,3/24/2017,SURABAYA
POL-1969,M-002,M,11/4/1981,2/23/2016,SURABAYA
POL-1970,M-002,F,7/6/1997,8/26/2016,SURABAYA
POL-1971,M-002,M,11/6/1951,4/28/2016,SURABAYA
POL-1972,M-002,M,6/10/1992,7/28/2016,SURABAYA
POL-1973,M-002,F,5/27/2007,6/21/2016,SURABAYA
POL-1974,M-002,M,7/13/1975,2/17/2012,SURABAYA
POL-1975,M-001,M,2/22/1973,4/25/2012,SURABAYA
POL-1976,M-001,F,7/13/1956,12/19/2013,SURABAYA
POL-1977,M-002,F,10/20/1950,9/21/2012,SURABAYA
POL-1978,M-001,F,4/30/1985,9/2/2013,SURABAYA
POL-1979,M-003,F,9/19/1957,10/17/2013,SURABAYA
POL-1980,M-001,M,6/25/2012,12/13/2013,SURABAYA
POL-1981,M-002,M,12/13/1975,4/28/2014,SURABAYA
POL-1982,M-003,M,10/14/1954,12/26/2013,SURABAYA
POL-1983,M-002,F,8/9/1982,9/21/2012,SURABAYA
POL-1984,M-002,M,8/4/1976,2/28/2013,SURABAYA
POL-1985,M-001,F,1/27/1982,12/13/2013,SURABAYA
POL-1986,M-002,F,7/22/2004,7/26/2013,SURABAYA
POL-1987,M-001,M,3/11/1998,6/25/2015,SURABAYA
POL-1988,M-001,M,11/15/1952,4/28/2014,SURABAYA
POL-1989,M-001,M,2/8/1982,12/13/2013,SURABAYA
POL-1990,M-003,M,8/21/1983,2/13/2015,SURABAYA
POL-1991,M-003,F,4/19/2010,3/21/2014,SURABAYA
POL-1992,M-001,M,6/1/1973,7/28/2013,SURABAYA
POL-1993,M-003,M,11/19/2009,12/13/2016,SURABAYA
POL-1994,M-003,M,2/11/1955,10/21/2013,SURABAYA
POL-1995,M-002,M,2/2/2010,11/27/2015,SURABAYA
POL-1996,M-002,F,11/6/1970,7/28/2013,SURABAYA
POL-1997,M-002,M,12/24/1963,12/19/2012,SURABAYA
POL-1998,M-002,F,1/23/1985,11/28/2013,SURABAYA
POL-1999,M-003,F,2/20/1964,2/14/2013,SURABAYA
POL-2000,M-002,F,1/23/1997,1/8/2013,SURABAYA
POL-2001,M-001,F,5/27/1988,5/24/2014,SURABAYA
POL-2002,M-002,F,12/23/1975,12/17/2014,SURABAYA
POL-2003,M-002,F,12/29/2005,9/27/2013,SURABAYA
POL-2004,M-003,F,3/23/1956,2/21/2014,SURABAYA
POL-2005,M-001,M,10/14/1979,12/19/2014,SURABAYA
POL-2006,M-002,M,10/9/1977,12/22/2014,SURABAYA
POL-2007,M-003,F,10/20/1977,9/20/2013,SURABAYA
POL-2008,M-003,M,10/23/2010,9/20/2013,SURABAYA
POL-2009,M-001,M,4/1/1977,6/17/2014,SURABAYA
POL-2010,M-003,M,10/10/1978,9/20/2013,SURABAYA
POL-2011,M-002,F,6/16/1956,3/21/2014,SURABAYA
POL-2012,M-003,M,11/9/1973,2/13/2012,SURABAYA
POL-2013,M-002,F,6/10/1971,12/23/2011,SURABAYA
POL-2014,M-002,M,2/6/1968,3/27/2012,SURABAYA
POL-2015,M-003,M,10/9/1969,1/19/2012,SURABAYA
POL-2016,M-001,M,11/29/1971,12/13/2011,SURABAYA
POL-2017,M-003,F,6/27/1975,11/20/2014,SURABAYA
POL-2018,M-003,M,8/11/2000,12/10/2015,SURABAYA
POL-2019,M-002,F,2/23/1969,5/19/2014,SURABAYA
POL-2020,M-003,M,12/1/1973,10/28/2012,SURABAYA
POL-2021,M-002,M,4/7/1969,5/13/2014,SURABAYA
POL-2022,M-003,M,8/7/1999,9/26/2012,SURABAYA
POL-2023,M-002,M,11/22/1968,9/27/2013,SURABAYA
POL-2024,M-001,F,7/30/2005,12/19/2014,SURABAYA
POL-2025,M-001,M,6/30/1950,6/16/2014,SURABAYA
POL-2026,M-002,M,1/28/1978,8/25/2014,SURABAYA
POL-2027,M-002,F,5/5/1979,8/28/2014,SURABAYA
POL-2028,M-002,F,7/24/2003,12/22/2014,SURABAYA
POL-2029,M-002,M,8/7/2007,12/22/2014,SURABAYA
POL-2030,M-003,F,2/10/1981,12/23/2015,SURABAYA
POL-2031,M-003,F,7/17/2014,9/8/2014,SURABAYA
POL-2032,M-001,M,8/8/2002,6/17/2014,SURABAYA
POL-2033,M-002,M,3/19/1958,1/28/2015,SURABAYA
POL-2034,M-003,F,10/6/1948,2/17/2012,SURABAYA
POL-2035,M-002,F,12/2/1985,9/21/2012,SURABAYA
POL-2036,M-002,F,5/21/1953,9/28/2012,SURABAYA
POL-2037,M-003,M,8/31/1998,9/25/2013,SURABAYA
POL-2038,M-002,M,3/22/1962,1/8/2013,SURABAYA
POL-2039,M-002,F,9/5/1966,1/8/2013,SURABAYA
POL-2040,M-002,M,7/19/1951,2/27/2013,SURABAYA
POL-2041,M-001,F,8/11/1950,2/17/2012,SURABAYA
POL-2042,M-001,M,4/25/1975,7/27/2012,SURABAYA
POL-2043,M-002,F,7/1/1952,4/18/2012,SURABAYA
POL-2044,M-002,F,12/28/1971,9/27/2013,SURABAYA
POL-2045,M-003,M,9/16/1965,5/21/2013,SURABAYA
POL-2046,M-001,M,4/1/1988,6/16/2014,SURABAYA
POL-2047,M-003,F,10/23/1961,9/28/2013,SURABAYA
POL-2048,M-001,F,8/28/1981,2/19/2014,SURABAYA
POL-2049,M-003,M,9/3/2013,9/20/2013,SURABAYA
POL-2050,M-002,F,7/12/1950,10/21/2015,SURABAYA
POL-2051,M-003,M,1/7/1979,12/23/2015,SURABAYA
POL-2052,M-001,M,9/11/1990,4/21/2015,SURABAYA
POL-2053,M-003,F,5/14/1955,12/18/2012,JAKARTA
POL-2054,M-002,F,4/13/1958,2/3/2017,MAKASSAR
POL-2055,M-003,M,1/7/1953,12/26/2012,JAKARTA
POL-2056,M-003,F,9/8/2013,12/28/2015,SURABAYA
POL-2057,M-002,M,7/3/1948,12/5/2016,SURABAYA
POL-2058,M-002,M,4/4/1952,2/23/2012,SURABAYA
POL-2059,M-003,M,12/5/1962,10/23/2014,BLITAR
POL-2060,M-002,F,10/7/1980,12/7/2016,MALANG
POL-2061,M-002,M,4/5/1980,11/15/2016,MALANG
POL-2062,M-003,F,7/31/1975,3/2/2016,MALANG
POL-2063,M-002,M,2/6/1979,7/10/2013,MALANG
POL-2064,M-001,F,6/22/1961,6/6/2016,SURABAYA
POL-2065,M-003,M,3/10/1967,3/18/2016,SURABAYA
POL-2066,M-003,M,2/15/1967,2/14/2017,SURABAYA
POL-2067,M-003,M,11/4/1983,10/7/2015,SURABAYA
POL-2068,M-003,F,4/20/1968,5/26/2016,SURABAYA
POL-2069,M-002,M,9/11/1959,9/20/2013,SURABAYA
POL-2070,M-003,M,6/12/1968,4/23/2013,SURABAYA
POL-2071,M-001,M,1/23/1970,12/15/2016,SURABAYA
POL-2072,M-002,F,1/14/1952,1/17/2017,SURABAYA
POL-2073,M-003,F,3/4/1956,3/28/2017,JAKARTA
POL-2074,M-002,F,9/25/1965,4/27/2015,JAKARTA
POL-2075,M-002,F,2/17/1972,4/28/2015,JAKARTA
POL-2076,M-001,F,1/18/1971,5/15/2015,JAKARTA
POL-2077,M-002,F,8/8/1962,9/13/2013,SURABAYA
POL-2078,M-002,M,3/7/1968,11/9/2012,SURABAYA
POL-2079,M-001,M,4/15/1968,9/12/2014,SURABAYA
POL-2080,M-003,M,1/22/1987,9/17/2012,SURABAYA
POL-2081,M-002,M,3/8/2011,12/18/2012,SURABAYA
POL-2082,M-003,M,5/17/1989,4/27/2012,SURABAYA
POL-2083,M-001,M,3/15/1977,4/25/2017,JAKARTA
POL-2084,M-002,F,7/7/1961,10/22/2014,SURABAYA
POL-2085,M-003,M,11/23/1955,7/4/2013,SURABAYA
POL-2086,M-002,M,11/24/1966,11/4/2013,SURABAYA
POL-2087,M-003,F,6/21/1964,5/22/2012,SURABAYA
POL-2088,M-001,F,9/18/1962,4/4/2013,SURABAYA
POL-2089,M-003,M,12/10/1958,11/28/2014,SURABAYA
POL-2090,M-003,F,8/6/1961,11/28/2014,SURABAYA
POL-2091,M-002,M,5/14/1962,9/19/2014,SURABAYA
POL-2092,M-002,M,10/24/1975,3/13/2014,SURABAYA
POL-2093,M-003,F,1/17/1963,1/8/2015,SURABAYA
POL-2094,M-003,M,2/17/1969,1/25/2018,SURABAYA
POL-2095,M-003,F,4/12/1998,1/28/2018,SURABAYA
POL-2096,M-001,F,9/13/1974,3/21/2016,SURABAYA
POL-2097,M-003,M,2/21/1956,3/17/2017,SURABAYA
POL-2098,M-001,M,12/8/1972,2/24/2016,SURABAYA
POL-2099,M-003,M,2/5/1959,1/22/2014,SURABAYA
POL-2100,M-002,F,11/29/1979,5/28/2014,SURABAYA
POL-2101,M-001,M,6/13/1964,2/26/2014,SURABAYA
POL-2102,M-003,M,6/25/1951,1/22/2014,SURABAYA
POL-2103,M-003,M,2/20/1942,6/18/2015,SURABAYA
POL-2104,M-002,M,12/10/1946,10/23/2014,SURABAYA
POL-2105,M-003,M,8/24/1956,11/14/2012,SURABAYA
POL-2106,M-001,F,3/16/1967,2/27/2014,SURABAYA
POL-2107,M-002,F,1/27/1962,4/16/2013,SURABAYA
POL-2108,M-002,F,3/9/1967,5/20/2014,SURABAYA
POL-2109,M-001,M,11/20/1968,4/28/2016,SURABAYA
POL-2110,M-002,F,10/2/1970,4/15/2016,SURABAYA
POL-2111,M-002,F,8/14/1965,8/5/2015,SURABAYA
POL-2112,M-002,M,10/8/1997,10/4/2016,SURABAYA
POL-2113,M-002,F,10/18/1959,2/5/2015,SURABAYA
POL-2114,M-001,M,7/25/1962,5/26/2014,JAKARTA
POL-2115,M-001,F,6/25/1980,8/26/2015,SURABAYA
POL-2116,M-003,F,7/15/1939,3/28/2013,SURABAYA
POL-2117,M-001,M,3/16/1977,8/20/2013,SURABAYA
POL-2118,M-002,F,1/20/1964,1/11/2013,SURABAYA
POL-2119,M-002,F,10/8/1962,1/18/2013,SURABAYA
POL-2120,M-002,F,1/11/1950,11/9/2015,SURABAYA
POL-2121,M-001,F,1/12/1985,2/19/2016,SURABAYA
POL-2122,M-001,M,7/11/1953,11/12/2014,SURABAYA
POL-2123,M-002,F,8/8/1962,2/15/2016,SURABAYA
POL-2124,M-001,M,4/8/1984,2/19/2016,SURABAYA
POL-2125,M-002,M,6/28/1963,3/6/2015,SURABAYA
POL-2126,M-002,F,6/9/1977,4/28/2015,SURABAYA
POL-2127,M-003,M,11/23/1955,2/27/2015,SURABAYA
POL-2128,M-003,F,11/13/1958,6/25/2015,SURABAYA
POL-2129,M-001,M,5/23/1990,2/19/2016,SURABAYA
POL-2130,M-003,F,11/8/1963,8/14/2014,SURABAYA
POL-2131,M-003,F,2/17/1960,11/28/2016,SURABAYA
POL-2132,M-002,M,12/26/1997,2/27/2017,SURABAYA
POL-2133,M-001,M,12/11/1956,6/6/2016,SURABAYA
POL-2134,M-003,F,12/21/1947,5/22/2012,SURABAYA
POL-2135,M-001,F,11/1/1972,5/28/2013,SURABAYA
POL-2136,M-003,M,10/2/1955,1/15/2014,SURABAYA
POL-2137,M-002,M,12/10/2003,5/27/2013,SURABAYA
POL-2138,M-003,F,5/14/1955,1/15/2014,SURABAYA
POL-2139,M-001,F,9/4/1970,5/26/2014,SURABAYA
POL-2140,M-002,F,12/9/1972,6/20/2013,SURABAYA
POL-2141,M-002,M,6/21/1955,5/6/2013,SURABAYA
POL-2142,M-003,M,8/14/1959,9/26/2012,SURABAYA
POL-2143,M-003,F,4/20/1996,10/28/2012,SURABAYA
POL-2144,M-002,M,5/8/1974,11/14/2012,SURABAYA
POL-2145,M-003,M,9/20/1997,9/26/2012,SURABAYA
POL-2146,M-002,M,3/7/1970,12/18/2013,SURABAYA
POL-2147,M-003,F,2/5/1941,1/8/2014,SURABAYA
POL-2148,M-003,F,5/10/1966,10/28/2013,SURABAYA
POL-2149,M-003,M,5/6/1976,12/5/2016,SURABAYA
POL-2150,M-002,M,2/2/1982,1/12/2017,SURABAYA
POL-2151,M-002,F,1/26/1967,10/28/2015,JAKARTA
POL-2152,M-003,F,1/24/1945,1/22/2016,JAKARTA
POL-2153,M-002,F,12/18/1968,2/25/2016,MANADO
POL-2154,M-002,F,1/12/2002,2/25/2016,MANADO
POL-2155,M-003,M,12/12/1954,5/28/2014,JAKARTA
POL-2156,M-003,F,1/4/1989,1/28/2013,JAKARTA
POL-2157,M-003,F,5/4/1942,3/27/2015,JAKARTA
POL-2158,M-002,F,2/9/1960,5/15/2015,JAKARTA
POL-2159,M-002,M,7/17/1972,4/21/2015,JAKARTA
POL-2160,M-003,M,1/19/1945,5/28/2015,JAKARTA
POL-2161,M-003,F,9/7/1972,12/27/2011,SURABAYA
POL-2162,M-003,M,11/8/1976,3/9/2012,SURABAYA
POL-2163,M-003,M,12/30/1966,8/3/2012,SURABAYA
POL-2164,M-003,M,8/14/1966,8/3/2012,SURABAYA
POL-2165,M-002,M,9/29/1978,10/11/2013,SURABAYA
POL-2166,M-002,F,9/15/1962,1/12/2015,SURABAYA
POL-2167,M-002,F,9/8/1979,10/15/2014,JAKARTA
POL-2168,M-003,F,11/5/1968,10/25/2013,JAKARTA
POL-2169,M-003,F,11/23/1960,5/28/2015,JAKARTA
POL-2170,M-002,F,10/19/2008,3/28/2015,MANADO
POL-2171,M-001,F,12/4/2009,11/25/2016,MANADO
POL-2172,M-001,M,1/25/1968,4/28/2016,MANADO
POL-2173,M-003,M,10/14/1962,5/19/2015,SURABAYA
POL-2174,M-002,M,12/23/1964,5/15/2012,SURABAYA
POL-2175,M-002,M,11/2/2010,9/19/2012,SURABAYA
POL-2176,M-002,M,2/27/1957,5/16/2012,SURABAYA
POL-2177,M-002,M,2/15/1969,12/20/2012,SURABAYA
POL-2178,M-001,F,12/9/1948,3/28/2014,SURABAYA
POL-2179,M-001,M,11/16/2006,11/24/2015,MANADO
POL-2180,M-002,M,5/15/1951,9/28/2015,MANADO
POL-2181,M-001,M,4/26/1995,4/25/2016,MANADO
POL-2182,M-001,F,11/18/1970,4/28/2016,MANADO
POL-2183,M-001,M,7/3/1995,7/28/2016,MANADO
POL-2184,M-002,F,10/27/2013,6/28/2015,MANADO
POL-2185,M-002,F,9/14/1991,4/16/2013,SURABAYA
POL-2186,M-002,F,3/4/1951,12/17/2012,SURABAYA
POL-2187,M-001,M,12/25/1947,3/28/2014,SURABAYA
POL-2188,M-002,F,2/20/1971,3/13/2013,SURABAYA
POL-2189,M-002,F,5/27/1972,1/20/2014,SURABAYA
POL-2190,M-002,M,4/14/1983,4/24/2013,SURABAYA
POL-2191,M-002,M,3/13/1967,9/24/2013,SURABAYA
POL-2192,M-002,M,9/16/1988,3/22/2013,SURABAYA
POL-2193,M-002,F,6/25/1963,2/18/2014,SURABAYA
POL-2194,M-002,M,11/9/1959,8/6/2013,SURABAYA
POL-2195,M-003,M,7/12/1989,11/8/2012,SURABAYA
POL-2196,M-002,M,10/20/1984,2/19/2014,SURABAYA
POL-2197,M-001,F,10/25/1984,9/12/2017,MANADO
POL-2198,M-001,M,11/13/1980,9/12/2017,MANADO
POL-2199,M-002,M,1/15/1997,5/28/2017,MANADO
POL-2200,M-003,F,5/31/1974,2/18/2016,JAKARTA
POL-2201,M-002,F,11/22/1986,12/18/2014,JAKARTA
POL-2202,M-002,F,5/8/1961,9/20/2013,JAKARTA
POL-2203,M-003,M,6/27/1994,7/28/2013,SURABAYA
POL-2204,M-002,F,5/25/1966,2/13/2013,SURABAYA
POL-2205,M-002,M,3/16/1974,9/6/2013,SURABAYA
POL-2206,M-003,M,6/25/1957,4/12/2012,SURABAYA
POL-2207,M-002,F,11/26/1970,9/18/2013,SURABAYA
POL-2208,M-002,M,4/21/1949,4/25/2013,SURABAYA
POL-2209,M-002,F,3/5/1998,2/20/2017,JAKARTA
POL-2210,M-001,M,5/3/2013,12/28/2016,JAKARTA
POL-2211,M-001,M,1/29/2015,12/28/2016,JAKARTA
POL-2212,M-002,F,11/22/2000,2/21/2017,JAKARTA
POL-2213,M-002,F,2/14/1965,6/28/2016,JAKARTA
POL-2214,M-002,M,7/18/1960,6/28/2016,JAKARTA
POL-2215,M-002,F,1/16/1967,7/11/2013,SURABAYA
POL-2216,M-002,M,11/27/2012,10/14/2013,SURABAYA
POL-2217,M-002,F,8/14/1967,7/21/2014,SURABAYA
POL-2218,M-002,M,5/13/1952,12/12/2014,SURABAYA
POL-2219,M-002,F,3/17/1970,12/15/2014,SURABAYA
POL-2220,M-002,F,7/8/1961,8/26/2014,SURABAYA
POL-2221,M-003,F,2/26/1938,7/28/2016,JAKARTA
POL-2222,M-001,F,4/24/1979,8/28/2015,JAKARTA
POL-2223,M-001,F,1/19/2013,7/25/2013,JAKARTA
POL-2224,M-002,M,11/4/1960,3/28/2013,JAKARTA
POL-2225,M-002,F,10/31/1970,3/28/2013,JAKARTA
POL-2226,M-002,M,6/2/1959,5/28/2013,JAKARTA
POL-2227,M-002,F,3/26/1963,8/15/2013,SURABAYA
POL-2228,M-003,M,6/22/1988,3/24/2016,SURABAYA
POL-2229,M-002,M,3/6/2016,5/28/2016,SURABAYA
POL-2230,M-002,M,11/16/1959,10/28/2015,SURABAYA
POL-2231,M-002,M,12/24/1956,8/27/2014,SURABAYA
POL-2232,M-002,M,12/12/1962,5/5/2015,SURABAYA
POL-2233,M-003,M,7/1/1968,2/17/2012,SURABAYA
POL-2234,M-002,M,10/16/1967,12/27/2011,SURABAYA
POL-2235,M-002,M,10/21/1968,12/23/2011,SURABAYA
POL-2236,M-002,F,5/25/1973,12/28/2011,SURABAYA
POL-2237,M-003,F,8/10/1974,2/16/2012,SURABAYA
POL-2238,M-003,F,1/26/1945,2/27/2012,SURABAYA
POL-2239,M-002,M,6/7/1968,1/10/2012,SURABAYA
POL-2240,M-002,F,12/11/1966,6/14/2013,SURABAYA
POL-2241,M-002,M,6/17/1966,5/28/2015,SURABAYA
POL-2242,M-003,F,12/10/2001,11/17/2014,SURABAYA
POL-2243,M-003,F,12/27/1946,7/15/2016,SURABAYA
POL-2244,M-002,M,11/1/1972,3/23/2016,SURABAYA
POL-2245,M-002,F,2/23/1974,3/23/2016,SURABAYA
POL-2246,M-003,M,9/26/1964,7/18/2016,SURABAYA
POL-2247,M-001,M,4/6/1967,5/26/2017,SURABAYA
POL-2248,M-002,M,4/19/1965,11/28/2016,SURABAYA
POL-2249,M-003,M,8/18/1961,8/16/2017,SURABAYA
POL-2250,M-002,M,6/26/1957,1/16/2018,SURABAYA
POL-2251,M-002,M,1/17/1987,10/19/2017,SURABAYA
POL-2252,M-003,M,5/4/1984,8/24/2017,SURABAYA
POL-2253,M-002,F,5/24/1954,1/24/2014,SURABAYA
POL-2254,M-003,F,12/29/1962,12/19/2017,SURABAYA
POL-2255,M-002,M,7/1/1978,12/24/2013,SURABAYA
POL-2256,M-002,M,8/15/1953,9/23/2016,SURABAYA
POL-2257,M-002,M,11/18/1968,11/15/2015,SURABAYA
POL-2258,M-002,F,1/1/1971,10/28/2015,SURABAYA
POL-2259,M-003,F,9/26/1963,8/11/2016,SURABAYA
POL-2260,M-002,F,11/8/1958,12/23/2016,SURABAYA
POL-2261,M-002,M,9/13/1996,12/12/2014,SURABAYA
POL-2262,M-003,M,5/10/1956,6/22/2017,SURABAYA
POL-2263,M-002,M,10/23/2002,12/19/2016,SURABAYA
POL-2264,M-002,F,3/1/1984,10/6/2016,SURABAYA
POL-2265,M-002,F,5/2/1956,1/15/2016,SURABAYA
POL-2266,M-002,F,6/4/2015,9/16/2016,SURABAYA
POL-2267,M-002,M,12/2/1987,1/24/2018,SURABAYA
POL-2268,M-001,F,12/16/1955,9/28/2017,SURABAYA
POL-2269,M-002,F,12/18/1952,1/16/2018,SURABAYA
POL-2270,M-002,F,4/12/1976,1/28/2018,JAKARTA
POL-2271,M-002,F,8/12/1962,1/27/2015,SURABAYA
POL-2272,M-002,M,3/8/1970,1/28/2015,SURABAYA
POL-2273,M-002,F,1/15/1988,1/27/2015,SURABAYA
POL-2274,M-002,M,11/3/1991,5/27/2015,SURABAYA
POL-2275,M-002,F,4/25/1962,11/27/2012,SURABAYA
POL-2276,M-002,F,10/12/1960,1/26/2018,SURABAYA
POL-2277,M-002,F,4/7/1986,3/17/2017,SURABAYA
POL-2278,M-003,F,12/2/1969,1/28/2018,SURABAYA
POL-2279,M-002,M,1/13/1965,8/28/2017,SURABAYA
POL-2280,M-002,F,8/23/2014,1/27/2015,SURABAYA
POL-2281,M-002,M,8/15/1986,4/24/2015,SURABAYA
POL-2282,M-002,M,6/18/1953,7/11/2014,SURABAYA
POL-2283,M-002,M,5/21/1986,1/27/2015,SURABAYA
POL-2284,M-003,M,5/19/1966,8/28/2015,SURABAYA
POL-2285,M-002,M,6/5/1965,9/19/2014,SURABAYA
POL-2286,M-003,F,11/6/1969,3/18/2014,SURABAYA
POL-2287,M-002,F,8/7/1958,3/6/2012,SURABAYA
POL-2288,M-002,M,6/6/1958,6/4/2012,SURABAYA
POL-2289,M-002,F,6/21/1956,6/19/2012,SURABAYA
POL-2290,M-002,F,7/11/1960,7/10/2012,SURABAYA
POL-2291,M-002,F,11/12/1950,3/15/2017,SURABAYA
POL-2292,M-002,M,10/25/1981,10/21/2016,SURABAYA
POL-2293,M-002,M,5/8/1980,7/27/2016,SURABAYA
POL-2294,M-002,F,3/15/2005,12/19/2016,SURABAYA
POL-2295,M-002,F,6/1/1955,1/28/2018,SURABAYA
POL-2296,M-002,F,5/30/1993,3/16/2017,SURABAYA
POL-2297,M-003,M,2/26/1949,1/28/2018,SURABAYA
POL-2298,M-002,M,2/8/1987,6/26/2015,SURABAYA
POL-2299,M-001,M,1/8/1991,11/28/2017,SURABAYA
POL-2300,M-003,F,9/24/1953,9/18/2015,SURABAYA
POL-2301,M-002,F,5/25/1958,5/7/2012,JAKARTA
POL-2302,M-003,F,1/8/1952,6/26/2012,SURABAYA
POL-2303,M-002,M,2/27/1950,1/19/2012,JAKARTA
POL-2304,M-002,M,9/25/1952,8/19/2014,SURABAYA
POL-2305,M-003,M,1/15/1956,6/14/2012,SURABAYA
POL-2306,M-002,M,9/2/1971,6/8/2015,SURABAYA
POL-2307,M-002,M,2/4/1966,3/9/2017,SURABAYA
POL-2308,M-002,M,9/16/1971,12/3/2014,JEMBER
POL-2309,M-002,M,3/18/1982,9/19/2016,JEMBER
POL-2310,M-002,F,3/13/1972,2/18/2015,JEMBER
POL-2311,M-001,M,12/8/1962,6/23/2016,SURABAYA
POL-2312,M-002,M,9/13/1952,5/28/2015,SURABAYA
POL-2313,M-002,F,10/22/1962,8/25/2016,SURABAYA
POL-2314,M-001,M,11/17/1958,4/28/2016,SURABAYA
POL-2315,M-001,M,4/20/1977,4/28/2016,SURABAYA
POL-2316,M-003,F,5/13/1961,7/23/2013,SURABAYA
POL-2317,M-002,F,8/16/1944,9/20/2013,SURABAYA
POL-2318,M-002,F,4/17/1969,4/16/2014,SURABAYA
POL-2319,M-002,F,6/29/1965,11/22/2013,SURABAYA
POL-2320,M-002,M,5/27/1959,3/6/2013,SURABAYA
POL-2321,M-003,M,4/19/1952,5/15/2013,SURABAYA
POL-2322,M-002,M,12/24/1954,2/20/2015,SURABAYA
POL-2323,M-001,M,10/28/1961,3/18/2015,SURABAYA
POL-2324,M-002,F,6/3/1976,12/3/2013,SURABAYA
POL-2325,M-002,M,9/21/1961,10/13/2016,SURABAYA
POL-2326,M-002,M,7/16/1969,5/13/2015,SURABAYA
POL-2327,M-001,F,6/8/1961,6/24/2016,SURABAYA
POL-2328,M-002,M,6/21/1970,9/24/2012,SURABAYA
POL-2329,M-002,M,5/8/1972,5/5/2017,SURABAYA
POL-2330,M-002,M,10/22/1998,5/24/2017,SURABAYA
POL-2331,M-002,F,10/29/1960,9/19/2014,BLITAR
POL-2332,M-002,M,7/11/1955,2/26/2016,BLITAR
POL-2333,M-002,M,1/26/1963,9/13/2017,BLITAR
POL-2334,M-003,M,12/13/1962,9/8/2017,BALIKPAPAN
POL-2335,M-002,M,8/3/1945,4/13/2017,SURABAYA
POL-2336,M-002,F,1/31/1953,4/28/2017,SURABAYA
POL-2337,M-002,F,7/6/2000,4/15/2016,SURABAYA
POL-2338,M-001,F,5/4/1984,4/28/2015,SURABAYA
POL-2339,M-002,M,9/24/1975,1/26/2016,SURABAYA
POL-2340,M-002,F,5/28/1971,4/19/2016,SURABAYA
POL-2341,M-001,F,9/22/1978,1/28/2014,BALIKPAPAN
POL-2342,M-003,M,8/5/1992,1/10/2017,JAKARTA
POL-2343,M-002,F,3/31/2009,7/6/2017,JAKARTA
POL-2344,M-003,M,8/17/1941,8/16/2012,JAKARTA
POL-2345,M-003,M,5/13/1945,9/28/2012,JAKARTA
POL-2346,M-003,F,1/12/1942,12/28/2012,JAKARTA
POL-2347,M-001,F,4/19/1984,9/28/2017,SURABAYA
POL-2348,M-003,M,5/4/1979,2/7/2014,SURABAYA
POL-2349,M-002,F,6/28/1978,8/22/2014,SURABAYA
POL-2350,M-002,F,10/11/1971,1/13/2016,SURABAYA
POL-2351,M-001,F,11/4/1980,3/8/2012,SURABAYA
POL-2352,M-002,M,1/16/1981,9/21/2012,SURABAYA
POL-2353,M-003,F,10/18/1955,3/18/2014,JAKARTA
POL-2354,M-003,F,9/27/1959,7/11/2014,JAKARTA
POL-2355,M-001,M,9/17/1956,9/12/2017,JAKARTA
POL-2356,M-002,M,10/2/1944,11/24/2017,JAKARTA
POL-2357,M-003,M,12/19/1952,9/19/2012,JAKARTA
POL-2358,M-001,M,1/4/1949,6/28/2013,JAKARTA
POL-2359,M-001,M,1/3/1986,3/21/2012,SURABAYA
POL-2360,M-002,M,11/6/1977,4/12/2013,SURABAYA
POL-2361,M-002,M,5/31/1955,9/27/2012,SURABAYA
POL-2362,M-002,M,3/8/1982,2/2/2012,SURABAYA
POL-2363,M-002,M,10/4/1975,12/6/2011,SURABAYA
POL-2364,M-002,F,5/7/1980,4/12/2013,SURABAYA
POL-2365,M-002,M,8/15/1965,6/5/2013,JAKARTA
POL-2366,M-003,M,4/11/2002,3/9/2015,JAKARTA
POL-2367,M-002,F,3/3/1963,7/5/2013,JAKARTA
POL-2368,M-003,F,8/15/1996,7/28/2017,JAKARTA
POL-2369,M-003,F,6/12/1961,1/25/2017,BLITAR
POL-2370,M-002,M,11/5/1988,9/13/2013,BLITAR
POL-2371,M-002,M,2/8/1980,11/19/2013,SURABAYA
POL-2372,M-001,M,12/17/1981,5/9/2012,SURABAYA
POL-2373,M-001,M,4/12/1974,12/19/2012,SURABAYA
POL-2374,M-003,F,11/9/1969,1/25/2012,SURABAYA
POL-2375,M-001,F,6/30/1980,12/5/2013,SURABAYA
POL-2376,M-003,M,6/24/1948,12/23/2014,SURABAYA
POL-2377,M-002,F,9/27/1966,3/21/2012,BLITAR
POL-2378,M-002,M,3/19/1953,12/28/2012,BLITAR
POL-2379,M-002,F,12/27/1957,12/28/2012,BLITAR
POL-2380,M-002,M,9/14/1967,4/12/2013,JAKARTA
POL-2381,M-001,F,9/28/1984,7/25/2013,JAKARTA
POL-2382,M-001,M,9/22/1953,11/28/2012,JAKARTA
POL-2383,M-001,M,9/3/2013,8/18/2014,SURABAYA
POL-2384,M-003,F,2/25/1952,12/23/2014,SURABAYA
POL-2385,M-003,M,3/3/1949,2/26/2016,SURABAYA
POL-2386,M-003,M,2/1/1964,3/27/2015,SURABAYA
POL-2387,M-003,F,12/28/1982,11/4/2014,SURABAYA
POL-2388,M-002,F,6/20/1953,5/14/2014,SURABAYA
POL-2389,M-001,F,10/26/1954,11/28/2012,JAKARTA
POL-2390,M-002,M,5/31/1949,10/10/2012,JAKARTA
POL-2391,M-002,F,1/5/1964,2/21/2013,JAKARTA
POL-2392,M-003,M,11/12/1946,4/27/2016,JAKARTA
POL-2393,M-001,F,9/20/1979,7/17/2017,JAKARTA
POL-2394,M-002,F,10/5/1951,11/24/2017,JAKARTA
POL-2395,M-002,F,1/4/1952,10/21/2013,SURABAYA
POL-2396,M-001,M,9/4/1979,12/5/2013,SURABAYA
POL-2397,M-001,F,1/18/1978,9/22/2016,SURABAYA
POL-2398,M-001,M,10/17/1973,5/27/2016,SURABAYA
POL-2399,M-002,F,11/6/1963,11/2/2016,SURABAYA
POL-2400,M-002,M,5/24/1954,6/13/2017,SURABAYA
POL-2401,M-001,M,5/22/1956,6/24/2016,JAKARTA
POL-2402,M-002,F,5/21/1959,3/21/2016,JAKARTA
POL-2403,M-003,F,8/10/1954,1/26/2017,JAKARTA
POL-2404,M-002,M,5/29/1955,3/21/2016,JAKARTA
POL-2405,M-002,F,12/22/1949,8/8/2017,JAKARTA
POL-2406,M-002,F,4/27/1948,7/23/2013,JAKARTA
POL-2407,M-002,F,10/7/1986,7/18/2013,JAKARTA
POL-2408,M-002,M,8/22/1983,7/18/2013,JAKARTA
POL-2409,M-002,M,9/8/1949,7/23/2013,JAKARTA
POL-2410,M-002,F,12/24/1960,6/11/2013,JAKARTA
POL-2411,M-001,F,7/10/1950,10/28/2014,JAKARTA
POL-2412,M-003,F,3/31/1968,7/3/2012,JAKARTA
POL-2413,M-002,F,7/12/1970,7/11/2014,JAKARTA
POL-2414,M-002,M,12/29/1956,9/28/2013,JAKARTA
POL-2415,M-003,M,1/4/1981,3/28/2016,JAKARTA
POL-2416,M-002,M,5/25/1975,11/16/2015,JAKARTA
POL-2417,M-002,F,12/10/1964,8/8/2017,JAKARTA
POL-2418,M-002,M,7/16/1984,11/28/2017,JAKARTA
POL-2419,M-002,F,3/21/1948,3/15/2017,SURABAYA
POL-2420,M-001,F,12/5/1958,4/28/2014,SURABAYA
POL-2421,M-003,F,3/8/2005,11/9/2016,SURABAYA
POL-2422,M-002,F,1/18/1957,2/26/2016,SURABAYA
POL-2423,M-001,F,1/17/1986,3/18/2015,SURABAYA
POL-2424,M-002,M,4/8/1954,9/16/2014,SURABAYA
POL-2425,M-002,M,1/18/1983,1/20/2017,BALIKPAPAN
POL-2426,M-003,F,3/3/1962,9/8/2017,BALIKPAPAN
POL-2427,M-002,M,1/9/1958,10/28/2014,BALIKPAPAN
POL-2428,M-001,M,9/16/1960,9/26/2013,BALIKPAPAN
POL-2429,M-001,F,2/21/1970,9/27/2013,BALIKPAPAN
POL-2430,M-003,F,7/16/1941,8/13/2013,JAKARTA
POL-2431,M-001,F,3/31/1972,5/3/2013,SURABAYA
POL-2432,M-003,M,12/28/1951,4/10/2012,SURABAYA
POL-2433,M-002,F,4/28/1960,9/27/2012,SURABAYA
POL-2434,M-002,M,2/9/1952,7/24/2012,SURABAYA
POL-2435,M-003,F,8/6/1955,12/28/2011,SURABAYA
POL-2436,M-002,M,5/18/1951,10/12/2012,SURABAYA
POL-2437,M-002,M,4/1/1950,5/14/2013,JAKARTA
POL-2438,M-003,F,9/29/1969,9/21/2012,JAKARTA
POL-2439,M-003,F,10/19/1999,4/27/2017,JAKARTA
POL-2440,M-002,F,12/5/1961,5/13/2016,JAKARTA
POL-2441,M-002,M,11/5/1954,5/13/2016,JAKARTA
POL-2442,M-001,M,6/19/1956,9/28/2013,BALIKPAPAN
POL-2443,M-001,F,2/9/2012,12/19/2014,SURABAYA
POL-2444,M-001,F,3/24/1979,12/19/2014,SURABAYA
POL-2445,M-003,F,3/28/2007,3/21/2012,SURABAYA
POL-2446,M-003,M,5/3/1975,4/4/2012,SURABAYA
POL-2447,M-002,M,11/12/1949,11/11/2014,MANADO
POL-2448,M-002,M,1/13/1961,10/23/2015,MANADO
POL-2449,M-001,F,3/12/1966,4/22/2016,MANADO
POL-2450,M-002,F,10/20/1968,5/26/2014,MANADO
POL-2451,M-002,M,3/25/1961,3/24/2014,MANADO
POL-2452,M-002,M,12/23/1969,8/9/2017,MANADO
POL-2453,M-002,F,6/23/1971,8/21/2017,MANADO
POL-2454,M-001,M,3/13/1979,6/16/2017,MANADO
POL-2455,M-002,F,6/18/1970,8/18/2017,MANADO
POL-2456,M-002,M,4/27/1974,11/28/2017,MANADO
POL-2457,M-002,M,5/3/1967,6/28/2016,MANADO
POL-2458,M-002,M,5/2/1963,5/28/2016,MANADO
POL-2459,M-001,M,1/11/2011,5/28/2017,MANADO
POL-2460,M-002,F,8/20/1962,6/21/2017,MANADO
POL-2461,M-002,F,7/29/1961,3/25/2013,JAKARTA
POL-2462,M-002,M,7/4/1958,3/25/2013,JAKARTA
POL-2463,M-002,F,4/30/1984,2/17/2014,JAKARTA
POL-2464,M-003,F,3/2/2012,1/28/2016,JAKARTA
POL-2465,M-002,F,7/16/1972,10/23/2014,JAKARTA
POL-2466,M-001,M,1/4/1968,9/27/2013,JAKARTA
POL-2467,M-002,F,1/13/1975,8/28/2012,JAKARTA
POL-2468,M-001,F,6/16/1979,9/26/2013,JAKARTA
POL-2469,M-001,M,3/28/2013,7/28/2013,JAKARTA
POL-2470,M-002,F,12/10/1954,12/9/2016,JAKARTA
POL-2471,M-003,M,1/9/1968,7/27/2015,JAKARTA
POL-2472,M-003,M,5/6/1980,8/25/2015,JAKARTA
POL-2473,M-003,M,5/5/1985,5/19/2016,JAKARTA
POL-2474,M-002,M,3/1/1976,2/28/2014,JAKARTA
POL-2475,M-003,F,5/13/1977,12/11/2013,JAKARTA
POL-2476,M-003,M,4/16/1977,3/14/2013,JAKARTA
POL-2477,M-003,F,6/4/1976,3/22/2012,JAKARTA
POL-2478,M-002,F,11/25/1972,5/10/2013,JAKARTA
POL-2479,M-003,M,12/17/1966,9/20/2013,JAKARTA
POL-2480,M-002,F,10/11/1963,7/21/2017,PALEMBANG
POL-2481,M-002,M,2/25/1978,12/20/2016,PALEMBANG
POL-2482,M-002,F,12/20/1998,8/8/2017,PALEMBANG
POL-2483,M-002,F,2/26/1997,8/8/2017,PALEMBANG
POL-2484,M-002,F,6/28/1978,12/19/2016,PALEMBANG
POL-2485,M-001,M,11/23/1980,4/28/2017,PALEMBANG
POL-2486,M-002,M,5/2/1960,10/27/2017,SURABAYA
POL-2487,M-002,F,7/4/1964,9/25/2015,SURABAYA
POL-2488,M-002,F,4/24/1985,3/28/2017,SURABAYA
POL-2489,M-003,M,6/10/1951,2/20/2018,SURABAYA
POL-2490,M-002,M,11/30/1975,11/28/2016,JEMBER
POL-2491,M-003,F,6/28/1954,3/25/2013,JEMBER
POL-2492,M-002,M,7/22/1976,3/28/2016,PALEMBANG
POL-2493,M-002,M,4/26/1976,11/14/2016,PALEMBANG
POL-2494,M-002,F,8/4/1982,10/21/2014,PALEMBANG
POL-2495,M-002,F,11/27/1970,12/14/2011,PALEMBANG
POL-2496,M-002,M,8/30/1961,3/19/2013,PALEMBANG
POL-2497,M-002,M,8/29/1973,4/25/2012,PALEMBANG
POL-2498,M-003,M,7/2/1949,3/25/2013,JEMBER
POL-2499,M-003,F,11/21/1952,9/27/2017,JEMBER
POL-2500,M-001,M,11/17/1977,9/27/2017,JEMBER
POL-2501,M-002,M,4/9/1973,1/16/2018,JEMBER
POL-2502,M-002,F,12/22/1975,7/28/2013,JEMBER
POL-2503,M-002,F,4/24/1975,12/27/2011,JEMBER
POL-2504,M-002,F,11/4/1947,2/15/2012,JEMBER
POL-2505,M-002,F,4/17/1954,7/27/2012,JEMBER
POL-2506,M-003,F,12/13/1955,12/19/2017,JEMBER
POL-2507,M-003,M,7/5/1947,1/23/2014,JEMBER
POL-2508,M-002,M,8/18/1978,7/25/2014,JEMBER
POL-2509,M-003,M,4/11/1952,7/28/2013,JEMBER
POL-2510,M-001,F,8/28/1975,4/17/2014,JEMBER
POL-2511,M-003,F,9/10/1947,5/21/2013,JEMBER
POL-2512,M-002,F,11/21/1951,9/27/2013,JEMBER
POL-2513,M-003,F,5/27/1940,9/23/2013,JEMBER
POL-2514,M-003,F,6/29/1956,9/23/2013,JEMBER
POL-2515,M-003,F,5/20/1944,5/11/2012,JEMBER
POL-2516,M-002,F,1/22/1959,6/12/2014,MAKASSAR
POL-2517,M-002,M,11/4/1978,9/18/2015,MAKASSAR
POL-2518,M-001,M,7/25/2000,2/26/2016,MAKASSAR
POL-2519,M-002,F,7/10/1981,4/12/2017,MAKASSAR
POL-2520,M-003,M,4/15/1969,10/21/2016,MAKASSAR
POL-2521,M-003,M,5/10/1954,10/27/2016,MAKASSAR
POL-2522,M-002,F,4/18/2006,5/10/2017,MAKASSAR
POL-2523,M-002,M,4/1/2011,5/17/2017,MAKASSAR
POL-2524,M-002,M,9/18/2000,6/9/2017,MAKASSAR
POL-2525,M-003,M,10/24/1953,1/28/2018,MAKASSAR
POL-2526,M-002,M,7/3/1997,6/9/2017,MAKASSAR
POL-2527,M-002,F,4/14/1954,6/12/2017,MAKASSAR
POL-2528,M-001,M,3/4/1996,1/28/2018,MAKASSAR
POL-2529,M-002,M,10/8/1964,1/28/2018,MAKASSAR
POL-2530,M-003,F,11/14/1954,1/28/2018,MAKASSAR
POL-2531,M-002,M,1/6/1988,10/25/2017,MAKASSAR
POL-2532,M-002,M,1/27/2004,7/27/2017,MAKASSAR
POL-2533,M-003,F,10/6/1981,12/15/2016,MAKASSAR
POL-2534,M-002,M,8/22/1950,12/28/2016,MAKASSAR
POL-2535,M-001,M,9/5/1968,2/28/2016,MAKASSAR
POL-2536,M-001,M,7/22/1968,2/26/2016,MAKASSAR
POL-2537,M-001,F,11/16/1969,2/26/2016,MAKASSAR
POL-2538,M-002,M,3/16/1980,6/10/2015,MAKASSAR
POL-2539,M-002,M,11/19/1966,5/26/2015,MAKASSAR
POL-2540,M-003,F,6/3/1958,6/9/2014,MAKASSAR
POL-2541,M-002,M,1/1/1968,6/24/2013,MAKASSAR
POL-2542,M-003,M,6/3/1959,11/18/2013,MAKASSAR
POL-2543,M-003,M,6/15/1958,6/13/2017,MAKASSAR
POL-2544,M-002,F,2/21/1966,12/11/2013,MAKASSAR
POL-2545,M-002,M,1/5/1980,11/28/2012,MAKASSAR
POL-2546,M-002,F,9/22/1995,6/13/2016,SURABAYA
POL-2547,M-002,F,11/10/1992,6/13/2016,SURABAYA
POL-2548,M-002,F,7/21/1986,4/28/2015,SURABAYA
POL-2549,M-002,F,5/21/1952,6/27/2014,SURABAYA
POL-2550,M-002,F,2/10/1957,2/6/2015,SURABAYA
POL-2551,M-002,M,10/2/1956,11/27/2014,SURABAYA
POL-2552,M-002,M,8/20/1984,4/28/2015,SURABAYA
POL-2553,M-002,M,1/20/1993,11/26/2014,SURABAYA
POL-2554,M-002,M,7/1/1957,6/27/2014,SURABAYA
POL-2555,M-001,M,12/29/1984,7/26/2017,MAKASSAR
POL-2556,M-003,M,8/20/1985,9/14/2016,MAKASSAR
POL-2557,M-002,M,11/10/2016,4/25/2017,MAKASSAR
POL-2558,M-002,M,1/31/1971,3/28/2015,MAKASSAR
POL-2559,M-002,F,8/20/1945,5/27/2016,MAKASSAR
POL-2560,M-002,F,5/28/2007,9/23/2013,MAKASSAR
POL-2561,M-002,F,4/7/1981,9/23/2013,MAKASSAR
POL-2562,M-002,F,2/10/2009,9/23/2013,MAKASSAR
POL-2563,M-002,F,12/23/1963,6/8/2017,MAKASSAR
POL-2564,M-001,M,7/25/2000,2/25/2016,MAKASSAR
POL-2565,M-002,F,7/11/1950,9/19/2017,MAKASSAR
POL-2566,M-002,M,10/24/1936,8/28/2015,MAKASSAR
POL-2567,M-002,M,3/6/1973,9/23/2013,MAKASSAR
POL-2568,M-002,F,2/21/2012,9/23/2013,MAKASSAR
POL-2569,M-002,F,5/12/2001,12/13/2017,MAKASSAR
POL-2570,M-002,M,12/11/1963,1/28/2018,MAKASSAR
POL-2571,M-002,F,12/14/1970,1/23/2017,MAKASSAR
POL-2572,M-001,M,12/16/1979,10/27/2017,MAKASSAR
POL-2573,M-002,F,7/27/1954,10/9/2017,MAKASSAR
POL-2574,M-001,M,12/5/1961,10/14/2016,MAKASSAR
POL-2575,M-002,M,5/26/1971,5/24/2017,MAKASSAR
POL-2576,M-002,M,11/4/1976,5/19/2017,MAKASSAR
POL-2577,M-002,F,11/10/1971,11/3/2016,MAKASSAR
POL-2578,M-002,M,7/21/2009,10/27/2017,MAKASSAR
POL-2579,M-001,F,2/22/1971,12/28/2016,MAKASSAR
POL-2580,M-002,F,3/1/1982,8/9/2017,MAKASSAR
POL-2581,M-001,M,5/29/1961,10/11/2016,MAKASSAR
POL-2582,M-001,F,1/8/1959,10/11/2016,MAKASSAR
POL-2583,M-002,M,4/16/1981,8/9/2017,MAKASSAR
POL-2584,M-002,M,1/7/2004,2/10/2015,MAKASSAR
POL-2585,M-002,F,12/19/1983,12/17/2016,MAKASSAR
POL-2586,M-002,F,7/4/1961,2/18/2016,MAKASSAR
POL-2587,M-002,M,5/15/2011,6/15/2016,MAKASSAR
POL-2588,M-001,M,11/26/2002,7/19/2017,MAKASSAR
POL-2589,M-002,F,7/20/2006,10/25/2017,MAKASSAR
POL-2590,M-002,M,10/27/1996,9/20/2017,MAKASSAR
POL-2591,M-002,F,2/22/1979,10/25/2017,MAKASSAR
POL-2592,M-002,F,8/21/2010,10/27/2017,MAKASSAR
POL-2593,M-002,M,12/3/1998,6/20/2017,MAKASSAR
POL-2594,M-002,M,8/19/1969,2/10/2014,MAKASSAR
POL-2595,M-002,M,8/18/1964,9/17/2014,MAKASSAR
POL-2596,M-002,M,6/20/1976,12/14/2015,MAKASSAR
POL-2597,M-002,F,5/23/1956,10/28/2017,MAKASSAR
POL-2598,M-002,F,12/24/1989,10/27/2017,MAKASSAR
POL-2599,M-002,F,12/27/2004,3/21/2016,MAKASSAR
POL-2600,M-002,M,1/15/1996,8/23/2017,MAKASSAR
POL-2601,M-003,M,5/26/2002,7/10/2017,MAKASSAR
POL-2602,M-002,F,3/8/1967,5/19/2017,MAKASSAR
POL-2603,M-002,M,7/31/1971,12/22/2016,MAKASSAR
POL-2604,M-002,F,11/13/1969,3/21/2016,MAKASSAR
POL-2605,M-002,M,3/14/1945,5/28/2016,MAKASSAR
POL-2606,M-002,F,10/13/1986,9/19/2016,MAKASSAR
POL-2607,M-002,M,12/15/1954,10/27/2017,MAKASSAR
POL-2608,M-002,M,7/13/1986,4/13/2017,MAKASSAR
POL-2609,M-002,F,9/22/2008,5/24/2017,MAKASSAR
POL-2610,M-002,M,4/10/1992,8/23/2017,MAKASSAR
POL-2611,M-002,F,7/15/1976,7/10/2017,MAKASSAR
POL-2612,M-002,F,6/27/1979,1/28/2018,MAKASSAR
POL-2613,M-002,M,2/11/1985,9/7/2017,MAKASSAR
POL-2614,M-002,F,1/25/2004,5/18/2017,MAKASSAR
POL-2615,M-001,M,9/4/1979,12/19/2017,MAKASSAR
POL-2616,M-002,M,10/19/1991,10/27/2017,MAKASSAR
POL-2617,M-002,F,4/28/2001,9/10/2014,MAKASSAR
POL-2618,M-002,M,4/2/1958,7/25/2013,MAKASSAR
POL-2619,M-002,M,11/20/1970,3/28/2014,MAKASSAR
POL-2620,M-002,F,8/15/1971,2/28/2014,MAKASSAR
POL-2621,M-002,F,3/17/1970,6/20/2014,MAKASSAR
POL-2622,M-002,M,5/28/1967,2/26/2014,MAKASSAR
POL-2623,M-002,M,2/12/1979,6/24/2014,MAKASSAR
POL-2624,M-002,M,12/2/2013,7/22/2014,MAKASSAR
POL-2625,M-002,F,9/9/1988,6/26/2014,MAKASSAR
POL-2626,M-002,M,12/18/1970,12/27/2013,MAKASSAR
POL-2627,M-002,F,4/24/2000,5/20/2014,MAKASSAR
POL-2628,M-002,M,9/10/1997,5/19/2014,MAKASSAR
POL-2629,M-001,F,11/18/1981,5/27/2016,MAKASSAR
POL-2630,M-002,F,9/2/1983,4/28/2015,MAKASSAR
POL-2631,M-002,F,10/18/1969,1/19/2015,MAKASSAR
POL-2632,M-003,F,3/17/1971,12/18/2015,JAKARTA
POL-2633,M-002,F,7/29/1957,5/27/2016,MAKASSAR
POL-2634,M-002,F,11/21/1971,11/18/2014,MAKASSAR
POL-2635,M-002,F,4/29/2004,11/24/2014,MAKASSAR
POL-2636,M-002,F,3/11/1969,10/13/2014,MAKASSAR
POL-2637,M-002,M,4/8/1966,10/14/2014,MAKASSAR
POL-2638,M-002,F,12/7/1983,5/27/2016,MAKASSAR
POL-2639,M-002,F,12/11/1999,3/21/2016,MAKASSAR
POL-2640,M-001,M,12/29/1979,5/27/2016,MAKASSAR
POL-2641,M-002,M,7/24/1965,7/10/2017,MAKASSAR
POL-2642,M-002,F,10/9/1984,9/16/2016,MAKASSAR
POL-2643,M-002,F,6/15/2013,12/28/2015,MAKASSAR
POL-2644,M-002,M,4/5/1970,3/16/2017,MAKASSAR
POL-2645,M-001,F,12/16/1980,3/26/2013,MAKASSAR
POL-2646,M-002,M,7/29/1986,5/23/2013,MAKASSAR
POL-2647,M-002,M,5/17/1967,9/21/2012,MAKASSAR
POL-2648,M-002,M,3/28/1956,11/25/2013,MAKASSAR
POL-2649,M-002,F,4/22/1967,12/12/2011,MAKASSAR
POL-2650,M-001,M,4/27/1970,3/26/2013,MAKASSAR
POL-2651,M-001,F,1/24/1978,12/12/2012,MAKASSAR
POL-2652,M-001,F,11/11/1972,3/27/2013,MAKASSAR
POL-2653,M-002,F,1/5/1939,8/28/2015,MAKASSAR
POL-2654,M-002,F,7/10/1988,10/28/2016,MAKASSAR
POL-2655,M-002,M,5/17/1985,10/28/2016,MAKASSAR
POL-2656,M-002,M,4/7/1970,7/24/2017,MAKASSAR
POL-2657,M-002,M,9/25/1956,9/16/2016,MAKASSAR
POL-2658,M-002,F,12/14/1974,5/15/2015,MAKASSAR
POL-2659,M-002,F,4/19/1969,1/28/2016,SURABAYA
POL-2660,M-002,F,12/9/1969,10/12/2015,MANADO
POL-2661,M-002,M,3/21/1971,10/13/2015,MANADO
POL-2662,M-002,F,7/15/1987,5/11/2016,MANADO
POL-2663,M-002,F,4/11/1982,5/4/2016,MANADO
POL-2664,M-002,M,10/18/1967,5/26/2014,MANADO
POL-2665,M-003,M,10/3/1979,7/10/2017,JAKARTA
POL-2666,M-002,F,12/3/1964,6/12/2015,JAKARTA
POL-2667,M-002,F,9/25/1961,8/22/2016,JAKARTA
POL-2668,M-002,F,5/31/1959,2/28/2016,JAKARTA
POL-2669,M-001,M,6/11/1980,8/16/2016,JAKARTA
POL-2670,M-003,F,2/5/1946,3/10/2015,JAKARTA
POL-2671,M-001,M,11/14/1971,10/28/2015,JAKARTA
POL-2672,M-002,F,4/7/1963,10/28/2014,BALIKPAPAN
POL-2673,M-001,M,4/9/1963,1/28/2018,JAKARTA
POL-2674,M-002,M,4/15/1962,2/5/2018,JAKARTA
POL-2675,M-002,F,7/10/1980,8/25/2017,BANDUNG
POL-2676,M-002,M,7/15/1961,12/19/2017,BALIKPAPAN
POL-2677,M-001,M,12/17/1969,11/28/2016,BALIKPAPAN
POL-2678,M-003,F,7/3/2003,4/15/2015,SURABAYA
POL-2679,M-003,F,4/18/1950,4/25/2013,SURABAYA
POL-2680,M-003,M,11/5/1996,8/10/2015,SURABAYA
POL-2681,M-003,M,7/30/1988,4/18/2017,SURABAYA
POL-2682,M-003,M,12/29/1957,11/26/2015,SURABAYA
POL-2683,M-003,M,4/26/1958,4/17/2014,SURABAYA
POL-2684,M-003,M,4/30/1979,8/18/2017,JAKARTA
POL-2685,M-002,M,6/30/1953,8/22/2016,JAKARTA
POL-2686,M-002,M,8/5/1984,3/28/2017,JAKARTA
POL-2687,M-003,F,10/28/1980,8/18/2017,JAKARTA
POL-2688,M-003,M,11/1/1940,9/27/2017,JAKARTA
POL-2689,M-001,M,5/19/1961,1/27/2017,JAKARTA
POL-2690,M-002,M,10/19/1960,4/28/2015,SURABAYA
POL-2691,M-003,M,10/18/1980,5/7/2013,SURABAYA
POL-2692,M-003,F,6/4/1973,6/23/2016,SURABAYA
POL-2693,M-001,F,8/24/1978,1/28/2016,SURABAYA
POL-2694,M-002,M,10/30/1990,9/14/2017,SURABAYA
POL-2695,M-001,M,3/9/1953,1/23/2015,SURABAYA
POL-2696,M-002,F,2/27/1951,9/13/2016,BALIKPAPAN
POL-2697,M-001,F,1/2/1965,9/23/2016,BALIKPAPAN
POL-2698,M-001,M,8/31/1998,12/16/2015,BALIKPAPAN
POL-2699,M-001,F,9/26/1956,1/28/2016,JAKARTA
POL-2700,M-001,M,6/3/1956,11/28/2015,BALIKPAPAN
POL-2701,M-001,F,8/21/1973,4/28/2016,BALIKPAPAN
POL-2702,M-003,M,4/19/1948,3/4/2015,JAKARTA
POL-2703,M-003,M,1/5/1980,3/10/2015,JAKARTA
POL-2704,M-001,F,12/14/1958,8/10/2015,JAKARTA
POL-2705,M-002,M,10/26/1964,4/20/2015,JAKARTA
POL-2706,M-001,F,11/12/1980,8/25/2017,JAKARTA
POL-2707,M-002,F,6/16/1977,9/22/2017,JAKARTA
POL-2708,M-002,M,8/18/1961,6/22/2015,SURABAYA
POL-2709,M-001,F,3/26/1964,12/20/2016,SURABAYA
POL-2710,M-002,M,6/28/1955,3/24/2017,SURABAYA
POL-2711,M-002,F,1/9/1958,9/13/2017,SURABAYA
POL-2712,M-003,M,11/25/1989,3/22/2016,SURABAYA
POL-2713,M-002,F,11/15/1984,7/24/2012,SURABAYA
POL-2714,M-002,M,11/14/1955,4/28/2016,BALIKPAPAN
POL-2715,M-001,F,5/18/1959,8/27/2014,BALIKPAPAN
POL-2716,M-002,M,8/4/1993,7/9/2015,BALIKPAPAN
POL-2717,M-001,M,5/19/1975,11/12/2015,BALIKPAPAN
POL-2718,M-002,M,2/23/1989,5/13/2015,BALIKPAPAN
POL-2719,M-002,M,3/8/1969,6/26/2015,BALIKPAPAN
POL-2720,M-002,M,2/26/1972,11/28/2016,JAKARTA
POL-2721,M-001,F,8/16/1964,6/6/2016,JAKARTA
POL-2722,M-002,M,12/28/1976,10/26/2016,JAKARTA
POL-2723,M-002,F,10/10/1987,8/28/2016,JAKARTA
POL-2724,M-002,F,2/8/1983,12/19/2016,JAKARTA
POL-2725,M-002,M,12/18/1980,5/23/2016,JAKARTA
POL-2726,M-002,F,10/18/1965,8/15/2012,SURABAYA
POL-2727,M-001,M,8/6/1991,1/20/2015,SURABAYA
POL-2728,M-001,M,12/17/1986,1/20/2015,SURABAYA
POL-2729,M-002,F,10/9/1954,1/18/2016,SURABAYA
POL-2730,M-001,F,6/2/1986,3/13/2015,SURABAYA
POL-2731,M-002,F,11/8/1964,10/28/2015,SURABAYA
POL-2732,M-002,M,10/13/1965,6/25/2015,BALIKPAPAN
POL-2733,M-002,F,9/13/1953,7/9/2015,BALIKPAPAN
POL-2734,M-002,F,9/11/1958,1/28/2015,BALIKPAPAN
POL-2735,M-002,F,8/22/1984,5/13/2015,BALIKPAPAN
POL-2736,M-002,F,7/29/1955,12/16/2014,BALIKPAPAN
POL-2737,M-003,M,7/29/1951,9/4/2017,BALIKPAPAN
POL-2738,M-003,M,12/21/2016,4/28/2017,JAKARTA
POL-2739,M-001,M,8/23/1990,6/6/2016,JAKARTA
POL-2740,M-001,M,3/25/1961,6/6/2016,JAKARTA
POL-2741,M-002,F,2/4/1987,10/28/2016,JAKARTA
POL-2742,M-001,M,10/1/1980,5/23/2016,JAKARTA
POL-2743,M-002,M,4/24/1986,10/20/2015,JAKARTA
POL-2744,M-002,M,3/3/1972,5/23/2016,JAKARTA
POL-2745,M-003,F,7/29/1992,5/23/2016,JAKARTA
POL-2746,M-003,M,8/14/1984,9/6/2017,JAKARTA
POL-2747,M-002,M,9/16/1972,6/8/2017,JAKARTA
POL-2748,M-002,F,5/29/1967,11/23/2016,JAKARTA
POL-2749,M-002,M,3/15/1976,2/24/2017,JAKARTA
POL-2750,M-001,M,5/7/1985,1/20/2015,SURABAYA
POL-2751,M-001,F,4/14/1964,1/22/2015,SURABAYA
POL-2752,M-001,F,8/9/1960,9/14/2012,SURABAYA
POL-2753,M-002,M,10/22/1990,7/24/2012,SURABAYA
POL-2754,M-001,M,3/20/1953,9/14/2012,SURABAYA
POL-2755,M-002,F,3/9/1988,7/5/2013,SURABAYA
POL-2756,M-003,F,9/8/1953,5/24/2013,BALI
POL-2757,M-002,M,4/4/1966,3/16/2017,SURABAYA
POL-2758,M-002,F,9/14/1971,6/13/2017,SURABAYA
POL-2759,M-003,F,5/30/2015,6/15/2017,SURABAYA
POL-2760,M-002,M,11/12/1982,1/28/2018,SURABAYA
POL-2761,M-002,M,12/3/1975,1/26/2017,SURABAYA
POL-2762,M-003,F,12/2/1948,9/13/2017,BALIKPAPAN
POL-2763,M-003,M,6/18/1939,2/10/2012,BALIKPAPAN
POL-2764,M-003,M,8/4/1971,12/17/2012,BALIKPAPAN
POL-2765,M-001,F,12/19/1975,11/28/2016,BALIKPAPAN
POL-2766,M-002,F,6/20/1972,11/27/2017,BALIKPAPAN
POL-2767,M-003,F,5/23/1970,12/19/2017,BALIKPAPAN
POL-2768,M-002,M,1/10/1979,10/22/2014,JAKARTA
POL-2769,M-003,M,9/20/2015,1/22/2016,JAKARTA
POL-2770,M-002,M,4/24/1984,3/28/2015,JAKARTA
POL-2771,M-003,M,8/31/1987,2/17/2015,JAKARTA
POL-2772,M-003,F,8/24/1990,1/25/2016,JAKARTA
POL-2773,M-003,F,8/10/1949,5/9/2014,JAKARTA
POL-2774,M-002,M,4/29/1981,9/23/2013,JAKARTA
POL-2775,M-003,F,5/15/2012,11/19/2013,JAKARTA
POL-2776,M-003,M,6/15/1959,6/13/2013,JAKARTA
POL-2777,M-002,M,9/19/1980,6/9/2014,JAKARTA
POL-2778,M-002,F,9/6/1968,6/24/2014,JAKARTA
POL-2779,M-002,M,10/24/1985,11/28/2013,JAKARTA
POL-2780,M-002,M,7/10/1945,1/26/2017,SURABAYA
POL-2781,M-002,M,12/26/1995,7/28/2017,SURABAYA
POL-2782,M-002,M,5/19/1963,6/7/2016,SURABAYA
POL-2783,M-002,F,12/27/1966,6/7/2016,SURABAYA
POL-2784,M-002,F,11/16/1982,5/11/2015,SURABAYA
POL-2785,M-001,M,2/18/1960,4/8/2016,SURABAYA
POL-2786,M-002,F,1/27/1982,6/3/2016,SURABAYA
POL-2787,M-001,M,2/6/1970,1/4/2017,SURABAYA
POL-2788,M-001,F,10/22/1966,12/6/2016,SURABAYA
POL-2789,M-003,F,8/9/1959,1/26/2017,SURABAYA
POL-2790,M-003,M,2/18/1971,2/17/2017,SURABAYA
POL-2791,M-003,M,7/12/1970,11/25/2015,SURABAYA
POL-2792,M-003,F,7/18/1959,10/2/2017,BALIKPAPAN
POL-2793,M-002,M,11/1/1966,10/25/2017,BALIKPAPAN
POL-2794,M-002,F,12/6/1963,1/26/2018,BALIKPAPAN
POL-2795,M-003,F,11/2/1938,11/28/2017,BALIKPAPAN
POL-2796,M-001,M,4/7/1957,9/28/2017,BALIKPAPAN
POL-2797,M-001,M,1/23/1956,1/25/2018,BALIKPAPAN
POL-2798,M-002,M,3/17/1952,12/17/2013,BALIKPAPAN
POL-2799,M-001,M,8/20/1970,10/28/2016,BALIKPAPAN
POL-2800,M-002,M,8/20/1968,10/24/2017,BALIKPAPAN
POL-2801,M-002,M,2/12/2003,3/28/2017,BALIKPAPAN
POL-2802,M-003,M,10/28/1950,4/11/2017,BALIKPAPAN
POL-2803,M-003,M,5/7/1965,7/24/2017,BALIKPAPAN
POL-2804,M-003,F,10/31/1973,9/6/2013,JAKARTA
POL-2805,M-002,M,6/20/1959,4/28/2016,JAKARTA
POL-2806,M-002,F,1/28/1965,4/28/2016,JAKARTA
POL-2807,M-002,M,1/5/1964,8/2/2016,JAKARTA
POL-2808,M-002,F,8/21/1971,5/23/2016,JAKARTA
POL-2809,M-002,F,6/25/1995,12/19/2017,JAKARTA
POL-2810,M-003,F,5/29/1984,2/19/2016,JAKARTA
POL-2811,M-002,F,7/27/1973,1/9/2017,JAKARTA
POL-2812,M-002,M,7/25/1975,8/24/2016,JAKARTA
POL-2813,M-002,F,10/4/1981,10/22/2014,JAKARTA
POL-2814,M-002,F,9/17/1989,3/28/2015,JAKARTA
POL-2815,M-003,F,1/5/1983,12/18/2012,JAKARTA
POL-2816,M-001,F,5/21/1960,4/8/2016,SURABAYA
POL-2817,M-002,F,9/11/2009,6/9/2016,SURABAYA
POL-2818,M-003,M,1/5/1985,8/11/2016,SURABAYA
POL-2819,M-002,M,7/18/1981,6/9/2016,SURABAYA
POL-2820,M-002,F,1/9/2013,6/9/2016,SURABAYA
POL-2821,M-002,F,7/12/1982,4/22/2016,SURABAYA
POL-2822,M-001,M,4/16/1952,11/10/2015,SURABAYA
POL-2823,M-002,M,11/26/1950,11/11/2015,SURABAYA
POL-2824,M-001,F,3/15/1978,11/19/2015,SURABAYA
POL-2825,M-002,M,11/4/1962,10/7/2015,SURABAYA
POL-2826,M-003,F,5/19/1958,11/28/2015,SURABAYA
POL-2827,M-002,M,8/12/1982,4/28/2015,SURABAYA
POL-2828,M-002,M,11/24/1973,2/27/2017,BALIKPAPAN
POL-2829,M-002,F,3/25/1974,11/1/2017,BALIKPAPAN
POL-2830,M-002,F,10/1/1972,2/27/2017,BALIKPAPAN
POL-2831,M-003,F,11/10/1974,12/3/2014,BALIKPAPAN
POL-2832,M-002,F,7/29/1956,9/27/2013,BALIKPAPAN
POL-2833,M-002,F,3/26/1952,6/13/2013,BALIKPAPAN
POL-2834,M-003,F,9/21/1990,4/11/2013,JAKARTA
POL-2835,M-002,M,6/15/1980,5/28/2013,JAKARTA
POL-2836,M-003,F,7/4/1947,11/28/2012,JAKARTA
POL-2837,M-001,F,8/26/1987,8/23/2013,JAKARTA
POL-2838,M-003,M,8/1/2010,4/7/2014,JAKARTA
POL-2839,M-002,F,8/22/1962,7/28/2013,JAKARTA
POL-2840,M-001,M,8/23/1956,8/20/2015,SURABAYA
POL-2841,M-003,F,10/6/1986,3/20/2015,SURABAYA
POL-2842,M-002,F,9/30/1961,9/28/2015,SURABAYA
POL-2843,M-001,M,11/2/1975,8/28/2015,SURABAYA
POL-2844,M-003,F,5/22/1978,4/24/2015,SURABAYA
POL-2845,M-002,F,12/7/1991,6/18/2015,SURABAYA
POL-2846,M-002,M,9/26/1987,5/22/2013,BALIKPAPAN
POL-2847,M-002,F,6/5/1962,5/22/2013,BALIKPAPAN
POL-2848,M-001,M,8/15/1985,12/19/2013,BALIKPAPAN
POL-2849,M-001,F,5/6/1973,1/27/2014,BALIKPAPAN
POL-2850,M-001,M,6/30/1975,9/10/2014,BALIKPAPAN
POL-2851,M-002,M,11/24/1954,9/13/2013,BALIKPAPAN
POL-2852,M-003,F,2/2/1985,10/17/2013,JAKARTA
POL-2853,M-002,F,9/13/1969,6/27/2012,JAKARTA
POL-2854,M-003,F,7/9/1980,3/9/2012,JAKARTA
POL-2855,M-003,M,2/6/1978,6/4/2012,JAKARTA
POL-2856,M-003,F,1/14/1957,12/28/2012,JAKARTA
POL-2857,M-003,M,3/13/1949,2/22/2012,JAKARTA
POL-2858,M-002,M,11/19/1959,5/5/2014,SURABAYA
POL-2859,M-002,M,4/3/1947,6/28/2013,SURABAYA
POL-2860,M-003,F,5/10/1984,5/2/2013,SURABAYA
POL-2861,M-003,M,8/14/1970,7/27/2012,SURABAYA
POL-2862,M-003,M,1/8/1974,4/11/2012,SURABAYA
POL-2863,M-002,M,10/7/1996,10/28/2013,SURABAYA
POL-2864,M-002,M,1/3/1987,4/28/2014,BALIKPAPAN
POL-2865,M-001,M,9/29/1979,7/23/2014,BALIKPAPAN
POL-2866,M-002,F,9/1/1959,6/28/2014,BALIKPAPAN
POL-2867,M-003,F,3/12/2014,4/28/2014,BALIKPAPAN
POL-2868,M-001,F,2/8/1982,7/22/2014,BALIKPAPAN
POL-2869,M-002,F,3/27/1959,11/14/2013,BALIKPAPAN
POL-2870,M-003,M,5/16/1985,10/17/2013,JAKARTA
POL-2871,M-002,M,10/20/1976,7/14/2014,JAKARTA
POL-2872,M-003,F,3/28/1969,7/24/2014,JAKARTA
POL-2873,M-002,F,2/1/1978,1/28/2013,JAKARTA
POL-2874,M-003,M,10/9/1985,5/28/2013,JAKARTA
POL-2875,M-003,F,12/31/1966,4/26/2013,JAKARTA
POL-2876,M-002,M,11/20/1956,5/22/2013,BALIKPAPAN
POL-2877,M-001,M,1/5/1952,5/27/2013,BALIKPAPAN
POL-2878,M-001,F,6/22/1963,6/12/2012,BALIKPAPAN
POL-2879,M-002,F,6/23/1968,10/27/2012,BALIKPAPAN
POL-2880,M-001,M,12/4/1966,5/23/2012,BALIKPAPAN
POL-2881,M-003,F,3/1/1973,4/28/2016,BALIKPAPAN
POL-2882,M-001,F,6/4/1976,5/25/2016,BALIKPAPAN
POL-2883,M-002,M,9/16/1976,10/28/2016,BALIKPAPAN
POL-2884,M-001,M,4/10/1997,6/15/2017,BALIKPAPAN
POL-2885,M-002,M,5/28/1978,8/26/2016,BALIKPAPAN
POL-2886,M-001,M,7/1/1963,11/9/2015,BALIKPAPAN
POL-2887,M-002,M,1/15/1966,12/28/2015,BALIKPAPAN
POL-2888,M-002,M,5/17/1967,6/7/2013,JAKARTA
POL-2889,M-003,M,10/28/1977,8/28/2013,JAKARTA
POL-2890,M-002,M,2/28/1984,11/19/2013,JAKARTA
POL-2891,M-002,F,4/27/1965,11/4/2014,JAKARTA
POL-2892,M-003,F,8/30/1964,5/20/2014,JAKARTA
POL-2893,M-002,M,1/23/1980,9/12/2014,JAKARTA
POL-2894,M-001,F,8/10/1964,12/28/2015,BALIKPAPAN
POL-2895,M-001,F,7/25/1978,1/28/2018,BALIKPAPAN
POL-2896,M-002,M,10/17/1960,10/16/2017,BALIKPAPAN
POL-2897,M-002,M,5/1/1955,4/28/2016,BALIKPAPAN
POL-2898,M-002,F,3/19/1957,4/28/2016,BALIKPAPAN
POL-2899,M-003,F,3/4/1966,2/12/2016,BALIKPAPAN
POL-2900,M-003,F,3/27/1988,9/25/2013,JAKARTA
POL-2901,M-003,F,7/23/1991,2/25/2014,JAKARTA
POL-2902,M-003,M,8/19/1986,3/19/2013,JAKARTA
POL-2903,M-003,M,11/11/1953,1/18/2013,JAKARTA
POL-2904,M-002,F,10/22/1971,1/28/2018,JAKARTA
POL-2905,M-002,M,10/6/1978,5/9/2017,JAKARTA
POL-2906,M-001,M,4/8/1968,8/28/2016,MEDAN
POL-2907,M-001,F,1/23/1968,8/28/2016,MEDAN
POL-2908,M-001,F,4/24/1960,1/27/2017,MEDAN
POL-2909,M-002,F,8/30/1966,1/27/2017,MEDAN
POL-2910,M-002,F,6/28/1983,4/28/2017,JAKARTA
POL-2911,M-001,F,7/27/1986,5/28/2016,JAKARTA
POL-2912,M-002,F,10/7/1976,10/28/2016,BALIKPAPAN
POL-2913,M-001,F,12/26/1999,12/28/2015,BALIKPAPAN
POL-2914,M-002,F,5/2/1955,10/12/2016,BALIKPAPAN
POL-2915,M-001,M,10/9/1984,10/1/2014,BALIKPAPAN
POL-2916,M-001,F,9/25/1968,11/9/2015,BALIKPAPAN
POL-2917,M-002,M,12/8/1963,12/28/2014,BALIKPAPAN
POL-2918,M-003,M,5/19/2014,3/24/2017,JAKARTA
POL-2919,M-003,F,5/23/2012,3/21/2017,JAKARTA
POL-2920,M-002,F,8/28/1974,4/28/2015,JAKARTA
POL-2921,M-002,M,7/5/1968,4/28/2015,JAKARTA
POL-2922,M-003,M,1/22/2001,1/28/2018,JAKARTA
POL-2923,M-003,M,9/19/1999,1/28/2018,JAKARTA
POL-2924,M-003,F,12/2/1985,5/24/2017,JAKARTA
POL-2925,M-001,F,8/2/1977,2/20/2017,JAKARTA
POL-2926,M-002,F,11/15/1954,3/10/2015,JAKARTA
POL-2927,M-003,F,3/6/1986,6/15/2015,JAKARTA
POL-2928,M-002,M,11/28/2002,3/28/2016,JAKARTA
POL-2929,M-003,M,6/22/1954,6/19/2015,JAKARTA
POL-2930,M-002,M,9/14/1988,3/10/2015,JAKARTA
POL-2931,M-002,F,12/26/1973,5/8/2015,JAKARTA
POL-2932,M-002,M,8/11/1986,3/10/2015,JAKARTA
POL-2933,M-001,F,5/18/1963,3/23/2015,JAKARTA
POL-2934,M-002,F,8/27/1965,8/26/2015,JAKARTA
POL-2935,M-002,F,6/10/1939,7/16/2014,JAKARTA
POL-2936,M-002,M,7/17/1963,5/28/2012,PALEMBANG
POL-2937,M-001,F,1/1/1971,12/28/2011,PALEMBANG
POL-2938,M-002,M,11/22/1964,11/18/2014,MAKASSAR
POL-2939,M-002,M,6/14/1976,9/9/2014,MANADO
POL-2940,M-002,M,12/22/1980,11/13/2014,MANADO
POL-2941,M-003,M,2/5/1983,9/28/2015,MANADO
POL-2942,M-002,F,3/3/1978,9/9/2014,MANADO
POL-2943,M-002,F,4/20/1974,6/27/2013,MANADO
POL-2944,M-002,F,5/12/1983,11/28/2013,MANADO
POL-2945,M-003,F,1/20/1949,7/25/2014,MANADO
POL-2946,M-002,F,5/31/1974,7/25/2014,MANADO
POL-2947,M-002,F,1/12/1964,3/26/2013,MANADO
POL-2948,M-002,F,3/11/1989,11/28/2016,MAKASSAR
POL-2949,M-003,F,2/1/1979,11/12/2013,MANADO
POL-2950,M-003,F,1/17/1998,1/28/2015,MANADO
POL-2951,M-003,F,12/20/1989,3/17/2015,MANADO
POL-2952,M-003,F,7/15/1979,6/28/2016,MANADO
POL-2953,M-002,M,11/30/1966,11/26/2012,MAKASSAR
POL-2954,M-002,F,3/15/1957,10/28/2016,MAKASSAR
POL-2955,M-002,M,1/26/1955,3/24/2017,MAKASSAR
POL-2956,M-001,F,8/24/1967,6/16/2017,MAKASSAR
POL-2957,M-002,F,4/16/1974,12/28/2015,MAKASSAR
POL-2958,M-002,M,12/20/1965,5/28/2013,MAKASSAR
POL-2959,M-002,M,6/8/1968,6/7/2013,MAKASSAR
POL-2960,M-002,F,5/22/1956,12/26/2013,MAKASSAR
POL-2961,M-002,M,6/28/1970,9/17/2014,MAKASSAR
POL-2962,M-002,M,5/13/1962,4/24/2013,MAKASSAR
POL-2963,M-001,F,6/27/1997,1/2/2014,MAKASSAR
POL-2964,M-002,F,2/11/1971,1/21/2014,MAKASSAR
POL-2965,M-001,M,12/1/1975,4/5/2012,MAKASSAR
POL-2966,M-002,M,6/10/1966,6/7/2013,MAKASSAR
POL-2967,M-002,M,5/10/1973,4/12/2012,MAKASSAR
POL-2968,M-001,F,10/7/1966,4/26/2012,MAKASSAR
POL-2969,M-002,F,8/29/1970,11/25/2016,MAKASSAR
POL-2970,M-002,F,7/26/1974,9/27/2013,MAKASSAR
POL-2971,M-002,F,9/13/1980,10/28/2013,MAKASSAR
POL-2972,M-002,F,10/11/1966,9/26/2013,MAKASSAR
POL-2973,M-002,F,9/15/1966,6/10/2013,MAKASSAR
POL-2974,M-002,F,1/20/1963,11/10/2017,MAKASSAR
POL-2975,M-001,M,3/27/1970,7/28/2017,MAKASSAR
POL-2976,M-002,F,7/5/1982,12/28/2016,MAKASSAR
POL-2977,M-002,M,6/18/1955,1/28/2017,MAKASSAR
POL-2978,M-002,F,11/28/1961,8/25/2015,MAKASSAR
POL-2979,M-002,M,10/22/1965,1/18/2012,MAKASSAR
POL-2980,M-002,F,2/16/1974,1/18/2012,MAKASSAR
POL-2981,M-001,M,6/17/1961,2/13/2014,MAKASSAR
POL-2982,M-002,F,9/30/1946,12/28/2013,MAKASSAR
POL-2983,M-001,F,7/30/1958,7/23/2014,MAKASSAR
POL-2984,M-002,F,8/23/1975,2/22/2017,JEMBER
POL-2985,M-002,M,10/8/1993,12/7/2016,PALEMBANG
POL-2986,M-002,M,2/20/2016,2/26/2016,PALEMBANG
POL-2987,M-002,F,1/18/1981,5/26/2017,PALEMBANG
POL-2988,M-002,M,3/12/1981,12/19/2017,PALEMBANG
POL-2989,M-002,F,11/9/1953,5/22/2013,PALEMBANG
POL-2990,M-001,F,12/25/1946,11/11/2015,MAKASSAR
POL-2991,M-002,M,7/30/1958,1/28/2015,MAKASSAR
POL-2992,M-001,F,1/17/1952,10/28/2015,MAKASSAR
POL-2993,M-001,M,11/4/1973,9/18/2015,MAKASSAR
POL-2994,M-002,F,3/2/1951,9/25/2015,MAKASSAR
POL-2995,M-002,M,6/2/1949,4/20/2017,MAKASSAR
POL-2996,M-001,M,4/7/1979,2/7/2013,PALEMBANG
POL-2997,M-002,F,6/20/1970,5/28/2012,PALEMBANG
POL-2998,M-002,F,5/1/1953,3/12/2012,PALEMBANG
POL-2999,M-002,F,1/18/1957,12/14/2012,PALEMBANG
POL-3000,M-002,M,11/21/1978,6/25/2013,PALEMBANG
POL-3001,M-002,M,9/7/1950,3/12/2012,PALEMBANG
POL-3002,M-001,F,11/21/1978,9/23/2015,MAKASSAR
POL-3003,M-002,M,5/29/1956,3/27/2017,MAKASSAR
POL-3004,M-002,F,12/2/1952,12/28/2016,MAKASSAR
POL-3005,M-002,M,12/27/1949,9/25/2015,MAKASSAR
POL-3006,M-002,F,12/23/1958,6/26/2015,MAKASSAR
POL-3007,M-002,M,11/26/1966,9/18/2015,MAKASSAR
POL-3008,M-001,M,4/9/1964,1/13/2014,PALEMBANG
POL-3009,M-001,F,11/8/1964,1/13/2014,PALEMBANG
POL-3010,M-002,F,4/17/1956,5/23/2014,PALEMBANG
POL-3011,M-002,M,9/4/1958,9/28/2013,PALEMBANG
POL-3012,M-001,M,6/8/1964,4/23/2015,PALEMBANG
POL-3013,M-002,F,1/22/1952,3/17/2014,PALEMBANG
POL-3014,M-002,F,8/24/1959,7/9/2015,MAKASSAR
POL-3015,M-002,M,1/23/1983,7/28/2015,MAKASSAR
POL-3016,M-002,M,11/7/1984,1/4/2017,MAKASSAR
POL-3017,M-002,F,3/25/1963,8/28/2015,MAKASSAR
POL-3018,M-002,M,8/29/1990,2/26/2016,MAKASSAR
POL-3019,M-003,M,12/3/2016,3/9/2017,MAKASSAR
POL-3020,M-001,F,4/26/1982,4/28/2015,PALEMBANG
POL-3021,M-002,F,10/18/1958,4/21/2014,PALEMBANG
POL-3022,M-001,M,9/22/1978,3/24/2015,PALEMBANG
POL-3023,M-001,M,12/22/1988,7/24/2017,PALEMBANG
POL-3024,M-001,M,3/15/1953,3/28/2015,PALEMBANG
POL-3025,M-002,F,3/9/1965,2/14/2014,JAKARTA
POL-3026,M-002,F,2/24/1996,9/23/2014,PALEMBANG
POL-3027,M-002,M,10/2/1951,5/28/2015,PALEMBANG
POL-3028,M-001,F,4/28/1983,7/27/2017,PALEMBANG
POL-3029,M-002,M,3/3/1978,11/11/2013,PALEMBANG
POL-3030,M-002,F,8/25/2012,11/15/2013,PALEMBANG
POL-3031,M-002,F,1/5/2008,11/11/2013,PALEMBANG
POL-3032,M-002,M,6/25/1948,3/23/2017,MAKASSAR
POL-3033,M-003,M,3/14/1996,6/22/2017,MAKASSAR
POL-3034,M-002,M,6/14/1988,4/28/2015,MAKASSAR
POL-3035,M-002,M,11/6/1959,4/28/2016,MAKASSAR
POL-3036,M-002,F,11/17/1962,4/28/2016,MAKASSAR
POL-3037,M-003,F,7/4/1984,1/26/2017,MAKASSAR
POL-3038,M-002,F,12/2/1955,12/28/2013,PALEMBANG
POL-3039,M-002,F,6/7/1976,11/11/2013,PALEMBANG
POL-3040,M-002,F,7/4/1962,12/17/2014,PALEMBANG
POL-3041,M-002,F,4/10/1962,12/18/2014,PALEMBANG
POL-3042,M-003,F,3/23/1955,12/18/2014,PALEMBANG
POL-3043,M-002,F,12/26/1949,8/28/2015,PALEMBANG
POL-3044,M-001,F,12/20/1976,12/26/2014,PALEMBANG
POL-3045,M-002,M,9/29/1969,11/25/2014,PALEMBANG
POL-3046,M-003,F,4/20/1959,11/28/2014,PALEMBANG
POL-3047,M-002,M,12/7/1980,11/27/2013,PALEMBANG
POL-3048,M-001,M,7/22/1978,7/25/2014,PALEMBANG
POL-3049,M-003,M,2/11/1956,11/28/2014,PALEMBANG
POL-3050,M-002,M,12/9/1948,8/28/2015,PALEMBANG
POL-3051,M-002,M,10/14/1978,5/26/2017,PALEMBANG
POL-3052,M-002,M,3/15/1985,7/4/2017,PALEMBANG
POL-3053,M-002,M,8/19/1954,9/8/2016,PALEMBANG
POL-3054,M-003,M,10/17/1974,9/25/2017,PALEMBANG
POL-3055,M-002,M,10/27/1966,3/28/2016,PALEMBANG
POL-3056,M-002,M,7/30/1974,12/27/2013,SURABAYA
POL-3057,M-002,F,12/6/1973,12/27/2013,SURABAYA
POL-3058,M-001,F,5/7/1979,6/28/2014,SURABAYA
POL-3059,M-003,M,11/6/1963,2/20/2014,SURABAYA
POL-3060,M-002,M,3/17/1995,6/25/2013,SURABAYA
POL-3061,M-002,F,1/29/1968,3/16/2017,MEDAN
POL-3062,M-001,M,8/25/1995,1/3/2017,BALIKPAPAN
POL-3063,M-003,F,2/8/1953,9/21/2012,SEMARANG
POL-3064,M-001,F,9/22/1962,9/21/2012,SEMARANG
POL-3065,M-002,M,7/20/1945,5/28/2015,SEMARANG
POL-3066,M-002,F,8/19/1965,12/11/2017,SEMARANG
POL-3067,M-001,M,12/15/1944,1/23/2013,SEMARANG
POL-3068,M-002,M,4/22/1960,3/17/2017,MEDAN
POL-3069,M-002,M,4/19/1964,6/18/2015,MEDAN
POL-3070,M-002,M,6/15/1963,2/20/2012,MEDAN
POL-3071,M-002,F,1/2/1967,2/28/2012,MEDAN
POL-3072,M-002,M,10/23/1960,12/12/2011,MEDAN
POL-3073,M-002,F,5/19/1972,3/24/2014,MEDAN
POL-3074,M-002,F,2/6/1997,9/17/2014,JAKARTA
POL-3075,M-003,F,7/20/1975,9/28/2014,JAKARTA
POL-3076,M-003,F,1/22/1965,12/23/2016,TANGERANG
POL-3077,M-003,F,11/6/1969,6/19/2017,TANGERANG
POL-3078,M-003,M,8/18/1964,7/28/2016,TANGERANG
POL-3079,M-002,M,12/10/1983,10/24/2012,JAKARTA
POL-3080,M-002,M,4/24/1988,12/26/2013,JAKARTA
POL-3081,M-003,F,1/3/1964,4/28/2013,JAKARTA
POL-3082,M-003,M,7/26/1988,11/28/2013,JAKARTA
POL-3083,M-002,M,8/6/1966,3/7/2014,JAKARTA
POL-3084,M-003,M,2/23/1993,2/9/2016,JAKARTA
POL-3085,M-002,M,8/24/1956,7/16/2013,JAKARTA
POL-3086,M-003,M,7/17/1993,3/7/2014,JAKARTA
POL-3087,M-002,F,12/22/1984,11/25/2015,JAKARTA
POL-3088,M-003,F,8/17/1988,7/24/2015,JAKARTA
POL-3089,M-003,F,9/23/1993,11/20/2014,JAKARTA
POL-3090,M-001,M,8/17/1986,4/6/2016,JAKARTA
POL-3091,M-003,F,2/27/1950,5/19/2016,JAKARTA
POL-3092,M-001,F,4/13/1951,3/15/2016,JAKARTA
POL-3093,M-003,F,3/8/2001,3/28/2016,JAKARTA
POL-3094,M-003,F,9/7/1960,7/20/2016,JAKARTA
POL-3095,M-003,M,4/1/1988,10/12/2017,JAKARTA
POL-3096,M-003,M,7/14/1987,1/13/2017,JAKARTA
POL-3097,M-003,F,8/15/1962,11/15/2016,JAKARTA
POL-3098,M-003,F,3/18/1946,6/2/2016,JAKARTA
POL-3099,M-003,M,2/2/1992,2/14/2017,JAKARTA
POL-3100,M-003,M,2/19/1958,7/20/2016,JAKARTA
POL-3101,M-003,M,5/11/1985,8/16/2016,JAKARTA
POL-3102,M-001,F,1/8/2001,1/28/2018,JAKARTA
POL-3103,M-002,F,12/26/1969,8/24/2016,TANGERANG
POL-3104,M-003,M,1/4/1957,5/28/2017,TANGERANG
POL-3105,M-003,F,4/17/1985,10/28/2016,JAKARTA
POL-3106,M-003,M,3/4/1946,4/4/2016,JAKARTA
POL-3107,M-001,M,10/6/1974,9/6/2016,TANGERANG
POL-3108,M-003,M,3/24/1990,4/28/2016,JAKARTA
POL-3109,M-002,F,3/9/1957,6/12/2013,TANGERANG
POL-3110,M-003,F,5/17/1983,1/18/2013,SURABAYA
POL-3111,M-002,F,7/15/1959,3/26/2014,SURABAYA
POL-3112,M-002,M,8/23/1945,6/26/2012,SURABAYA
POL-3113,M-002,M,1/30/1990,1/28/2018,YOGYAKARTA
POL-3114,M-001,M,4/26/1964,1/12/2015,YOGYAKARTA
POL-3115,M-001,F,1/27/1961,2/27/2017,SURABAYA
POL-3116,M-002,F,8/22/1999,12/13/2016,SURABAYA
POL-3117,M-002,M,2/18/1958,11/11/2016,SURABAYA
POL-3118,M-002,F,8/16/1981,2/27/2017,SURABAYA
POL-3119,M-003,F,10/2/1972,12/18/2017,JAKARTA
POL-3120,M-003,M,12/15/1972,10/12/2012,JAKARTA
POL-3121,M-003,M,10/4/1944,1/28/2015,JAKARTA
POL-3122,M-003,M,1/14/1990,6/28/2016,SURABAYA
POL-3123,M-003,F,10/3/1961,8/10/2015,SURABAYA
POL-3124,M-002,F,2/1/1950,6/16/2017,SURABAYA
POL-3125,M-003,M,5/30/1970,3/14/2017,SURABAYA
POL-3126,M-003,M,12/11/1953,6/27/2016,SURABAYA
POL-3127,M-003,F,2/28/1954,12/21/2016,SURABAYA
POL-3128,M-003,F,5/1/2006,6/15/2016,SURABAYA
POL-3129,M-001,F,5/25/1961,8/12/2015,SURABAYA
POL-3130,M-003,M,12/19/1968,6/2/2016,SURABAYA
POL-3131,M-002,F,7/12/1986,6/27/2016,SURABAYA
POL-3132,M-001,F,1/21/1980,7/28/2017,SURABAYA
POL-3133,M-003,F,7/29/1990,6/28/2016,SURABAYA
POL-3134,M-003,M,8/12/1974,9/15/2017,SURABAYA
POL-3135,M-003,M,8/19/1964,10/27/2017,SURABAYA
POL-3136,M-001,F,4/10/1969,9/15/2017,SURABAYA
POL-3137,M-003,F,2/27/2016,10/27/2017,SURABAYA
POL-3138,M-001,F,9/20/1953,9/13/2017,SURABAYA
POL-3139,M-002,F,6/27/1988,12/22/2016,SURABAYA
POL-3140,M-001,M,5/2/1964,9/15/2017,SURABAYA
POL-3141,M-003,F,8/2/2007,7/28/2017,SURABAYA
POL-3142,M-003,M,10/20/1999,7/28/2017,SURABAYA
POL-3143,M-002,F,7/30/1978,9/11/2017,SURABAYA
POL-3144,M-003,M,10/7/2001,7/28/2017,SURABAYA
POL-3145,M-002,M,8/15/1970,9/8/2017,SURABAYA
POL-3146,M-001,F,7/9/1987,3/13/2017,SURABAYA
POL-3147,M-003,M,3/18/1952,11/21/2016,SURABAYA
POL-3148,M-002,F,5/15/1987,12/19/2016,SURABAYA
POL-3149,M-002,M,8/16/1981,11/21/2016,SURABAYA
POL-3150,M-002,F,12/16/1984,11/21/2016,SURABAYA
POL-3151,M-003,M,6/9/2017,9/18/2017,SURABAYA
POL-3152,M-003,F,6/5/1959,12/19/2016,SURABAYA
POL-3153,M-003,F,9/30/1953,11/21/2016,SURABAYA
POL-3154,M-002,F,4/19/1963,12/16/2016,SURABAYA
POL-3155,M-003,F,6/17/1986,3/28/2017,SURABAYA
POL-3156,M-003,M,4/4/2017,10/23/2017,SURABAYA
POL-3157,M-003,F,9/10/2010,4/28/2016,SURABAYA
POL-3158,M-003,M,9/25/1968,2/12/2016,SURABAYA
POL-3159,M-003,F,11/29/2003,12/27/2016,SURABAYA
POL-3160,M-002,M,6/2/1955,9/20/2016,SURABAYA
POL-3161,M-003,M,10/4/1979,3/13/2017,SURABAYA
POL-3162,M-002,M,12/3/1993,12/13/2016,SURABAYA
POL-3163,M-002,F,5/28/1968,9/19/2016,SURABAYA
POL-3164,M-002,F,5/5/1985,2/28/2017,SURABAYA
POL-3165,M-002,M,9/5/1975,2/28/2017,SURABAYA
POL-3166,M-002,M,10/5/1982,2/28/2017,SURABAYA
POL-3167,M-002,M,11/3/1979,10/10/2017,SURABAYA
POL-3168,M-002,M,2/27/1980,2/9/2017,SURABAYA
POL-3169,M-003,F,7/6/1982,7/21/2016,SURABAYA
POL-3170,M-002,F,4/4/1957,3/28/2016,SURABAYA
POL-3171,M-003,F,12/9/1953,12/16/2016,SURABAYA
POL-3172,M-002,M,12/1/1976,1/26/2016,SURABAYA
POL-3173,M-003,M,1/20/1951,12/19/2017,SURABAYA
POL-3174,M-002,F,10/6/1980,5/19/2016,SURABAYA
POL-3175,M-003,F,4/30/1984,12/19/2017,SURABAYA
POL-3176,M-002,M,2/16/1950,10/25/2017,SURABAYA
POL-3177,M-003,M,2/17/1970,8/28/2017,SURABAYA
POL-3178,M-002,F,6/28/1988,8/23/2016,SURABAYA
POL-3179,M-003,F,9/24/1956,8/25/2016,SURABAYA
POL-3180,M-003,F,7/10/2016,8/23/2017,SURABAYA
POL-3181,M-003,F,8/10/1954,8/6/2016,SURABAYA
POL-3182,M-002,F,10/30/1976,6/14/2016,SURABAYA
POL-3183,M-002,F,12/7/1983,6/24/2016,SURABAYA
POL-3184,M-003,F,6/11/2005,1/19/2016,SURABAYA
POL-3185,M-001,M,9/13/2003,10/20/2016,SURABAYA
POL-3186,M-002,M,9/29/1982,12/19/2016,SURABAYA
POL-3187,M-001,M,7/15/1998,10/21/2016,SURABAYA
POL-3188,M-002,M,10/27/1957,8/28/2015,MAKASSAR
POL-3189,M-002,F,11/29/1967,5/23/2014,MAKASSAR
POL-3190,M-002,F,9/19/1973,5/14/2014,MAKASSAR
POL-3191,M-002,M,2/17/1978,12/21/2012,MAKASSAR
POL-3192,M-002,M,4/24/1972,10/20/2017,MAKASSAR
POL-3193,M-001,F,11/11/1985,6/26/2015,MAKASSAR
POL-3194,M-001,M,11/13/1961,8/9/2017,PALEMBANG
POL-3195,M-002,F,7/25/1961,2/8/2017,PALEMBANG
POL-3196,M-001,M,9/3/1987,9/19/2017,PALEMBANG
POL-3197,M-003,M,9/29/1975,11/26/2014,YOGYAKARTA
POL-3198,M-002,F,10/2/1968,3/13/2014,YOGYAKARTA
POL-3199,M-002,F,9/7/1971,3/20/2015,YOGYAKARTA
POL-3200,M-002,M,1/24/1965,2/16/2015,YOGYAKARTA
POL-3201,M-002,M,10/3/1969,3/19/2015,YOGYAKARTA
POL-3202,M-002,M,12/17/1991,8/28/2016,YOGYAKARTA
POL-3203,M-002,M,11/30/2000,8/26/2015,YOGYAKARTA
POL-3204,M-002,F,12/5/1968,4/22/2013,YOGYAKARTA
POL-3205,M-003,F,4/17/2017,12/7/2017,YOGYAKARTA
POL-3206,M-002,M,4/28/1984,2/28/2017,YOGYAKARTA
POL-3207,M-003,F,9/27/1951,11/17/2017,YOGYAKARTA
POL-3208,M-002,M,4/11/1987,11/24/2014,YOGYAKARTA
POL-3209,M-002,F,11/11/1964,6/16/2014,YOGYAKARTA
POL-3210,M-003,F,2/25/2006,8/28/2015,YOGYAKARTA
POL-3211,M-003,F,1/3/1957,6/6/2014,YOGYAKARTA
POL-3212,M-002,F,6/26/2012,5/7/2014,YOGYAKARTA
POL-3213,M-003,M,4/16/1954,6/12/2014,YOGYAKARTA
POL-3214,M-003,F,4/1/2003,8/28/2015,YOGYAKARTA
POL-3215,M-003,M,5/7/1982,12/14/2017,YOGYAKARTA
POL-3216,M-002,F,4/1/1960,1/25/2017,YOGYAKARTA
POL-3217,M-002,F,5/1/1985,1/19/2016,YOGYAKARTA
POL-3218,M-003,F,3/6/2000,6/14/2016,YOGYAKARTA
POL-3219,M-002,M,8/31/1957,4/28/2014,YOGYAKARTA
POL-3220,M-002,M,7/28/1958,7/25/2014,YOGYAKARTA
POL-3221,M-002,M,7/10/1975,5/9/2014,YOGYAKARTA
POL-3222,M-003,M,10/2/1969,12/20/2013,YOGYAKARTA
POL-3223,M-002,F,4/25/1958,3/21/2014,YOGYAKARTA
POL-3224,M-003,F,5/19/1942,2/28/2014,YOGYAKARTA
POL-3225,M-003,M,7/29/1951,3/28/2012,YOGYAKARTA
POL-3226,M-003,M,3/2/1941,3/13/2014,YOGYAKARTA
POL-3227,M-002,M,2/8/1972,12/5/2012,YOGYAKARTA
POL-3228,M-002,M,11/29/1971,7/13/2012,YOGYAKARTA
POL-3229,M-002,F,12/17/1955,9/6/2012,YOGYAKARTA
POL-3230,M-002,F,4/12/1955,11/28/2012,YOGYAKARTA
POL-3231,M-002,F,12/27/1958,10/25/2012,YOGYAKARTA
POL-3232,M-003,F,2/8/1955,3/28/2012,YOGYAKARTA
POL-3233,M-003,F,8/5/1985,1/5/2018,YOGYAKARTA
POL-3234,M-003,F,12/29/1952,12/19/2017,YOGYAKARTA
POL-3235,M-003,F,8/20/1985,8/15/2017,YOGYAKARTA
POL-3236,M-002,M,1/8/1973,2/24/2016,YOGYAKARTA
POL-3237,M-002,F,6/1/2016,11/21/2016,YOGYAKARTA
POL-3238,M-003,F,11/19/1984,3/8/2017,YOGYAKARTA
POL-3239,M-003,M,10/28/1986,5/28/2017,YOGYAKARTA
POL-3240,M-002,F,6/5/2017,7/6/2017,YOGYAKARTA
POL-3241,M-002,M,2/4/1962,6/25/2015,YOGYAKARTA
POL-3242,M-002,M,10/11/2012,5/20/2013,YOGYAKARTA
POL-3243,M-002,F,2/27/1974,6/6/2014,YOGYAKARTA
POL-3244,M-002,F,4/13/1996,1/27/2014,YOGYAKARTA
POL-3245,M-003,M,12/28/1977,4/17/2014,YOGYAKARTA
POL-3246,M-002,F,7/2/1966,1/28/2014,YOGYAKARTA
POL-3247,M-002,M,4/23/1954,2/5/2013,YOGYAKARTA
POL-3248,M-002,M,6/9/1956,11/21/2016,YOGYAKARTA
POL-3249,M-002,F,6/17/1960,9/26/2016,YOGYAKARTA
POL-3250,M-002,M,2/16/2002,6/26/2013,YOGYAKARTA
POL-3251,M-002,F,9/18/1957,4/23/2013,YOGYAKARTA
POL-3252,M-002,F,6/5/2004,6/26/2013,YOGYAKARTA
POL-3253,M-002,F,2/25/1953,5/16/2014,YOGYAKARTA
POL-3254,M-002,M,8/24/1955,12/27/2013,YOGYAKARTA
POL-3255,M-002,M,12/18/1955,9/24/2012,YOGYAKARTA
POL-3256,M-002,M,8/7/1963,9/25/2013,YOGYAKARTA
POL-3257,M-003,F,3/16/1965,6/13/2012,YOGYAKARTA
POL-3258,M-002,F,10/11/1964,11/28/2012,YOGYAKARTA
POL-3259,M-002,F,11/3/1968,4/28/2013,YOGYAKARTA
POL-3260,M-002,F,9/28/1950,9/27/2013,YOGYAKARTA
POL-3261,M-002,M,4/5/1966,4/16/2014,YOGYAKARTA
POL-3262,M-002,F,3/18/1964,12/23/2013,YOGYAKARTA
POL-3263,M-002,M,7/14/1973,8/27/2014,YOGYAKARTA
POL-3264,M-003,M,12/26/1968,12/24/2013,YOGYAKARTA
POL-3265,M-002,M,10/15/1957,4/25/2014,YOGYAKARTA
POL-3266,M-002,F,7/2/1966,4/23/2014,YOGYAKARTA
POL-3267,M-002,M,9/7/1975,11/28/2014,YOGYAKARTA
POL-3268,M-002,M,9/5/1952,6/27/2014,YOGYAKARTA
POL-3269,M-002,F,9/20/1957,4/25/2014,YOGYAKARTA
POL-3270,M-002,M,8/3/1958,10/28/2013,YOGYAKARTA
POL-3271,M-002,M,12/23/1954,3/28/2013,YOGYAKARTA
POL-3272,M-002,M,8/18/1981,8/28/2013,YOGYAKARTA
POL-3273,M-002,F,12/4/1952,2/18/2013,YOGYAKARTA
POL-3274,M-002,F,4/21/1979,9/12/2013,YOGYAKARTA
POL-3275,M-002,M,9/7/1991,4/28/2013,YOGYAKARTA
POL-3276,M-002,F,11/10/1963,12/3/2013,YOGYAKARTA
POL-3277,M-002,M,4/6/1951,9/27/2013,YOGYAKARTA
POL-3278,M-002,F,10/23/2007,9/12/2013,YOGYAKARTA
POL-3279,M-002,M,4/10/1942,7/26/2013,YOGYAKARTA
POL-3280,M-002,F,2/20/1969,12/28/2013,YOGYAKARTA
POL-3281,M-002,F,1/11/1947,4/25/2012,YOGYAKARTA
POL-3282,M-002,M,6/20/1952,4/27/2012,YOGYAKARTA
POL-3283,M-002,M,1/16/1946,9/26/2013,YOGYAKARTA
POL-3284,M-002,F,10/19/1968,3/21/2013,YOGYAKARTA
POL-3285,M-002,M,6/27/1947,4/17/2012,YOGYAKARTA
POL-3286,M-002,F,3/9/1978,10/28/2013,YOGYAKARTA
POL-3287,M-003,F,3/5/1954,10/22/2012,YOGYAKARTA
POL-3288,M-002,M,9/25/1956,6/19/2012,YOGYAKARTA
POL-3289,M-002,M,11/29/1969,9/17/2012,YOGYAKARTA
POL-3290,M-002,F,11/11/1996,4/28/2013,YOGYAKARTA
POL-3291,M-002,F,8/9/1948,7/27/2012,YOGYAKARTA
POL-3292,M-002,M,8/10/1959,1/28/2013,YOGYAKARTA
POL-3293,M-003,M,2/16/2007,4/8/2013,YOGYAKARTA
POL-3294,M-002,F,2/22/1995,10/17/2012,YOGYAKARTA
POL-3295,M-002,M,10/4/1980,11/2/2012,YOGYAKARTA
POL-3296,M-002,F,12/22/1954,7/25/2012,YOGYAKARTA
POL-3297,M-003,M,2/3/1951,10/17/2012,YOGYAKARTA
POL-3298,M-002,M,12/14/1963,4/28/2013,YOGYAKARTA
POL-3299,M-002,M,5/30/1978,10/21/2013,YOGYAKARTA
POL-3300,M-002,M,2/12/1961,1/20/2014,YOGYAKARTA
POL-3301,M-002,F,10/31/1971,7/26/2012,YOGYAKARTA
POL-3302,M-002,F,8/4/1970,5/7/2013,YOGYAKARTA
POL-3303,M-002,M,8/2/1965,5/3/2013,YOGYAKARTA
POL-3304,M-003,M,10/17/1956,5/15/2013,YOGYAKARTA
POL-3305,M-002,F,7/11/1969,7/4/2013,YOGYAKARTA
POL-3306,M-002,F,9/12/1956,9/25/2012,YOGYAKARTA
POL-3307,M-002,M,9/25/1975,4/4/2013,YOGYAKARTA
POL-3308,M-002,F,5/25/1995,4/28/2013,YOGYAKARTA
POL-3309,M-002,F,8/6/1961,3/20/2012,YOGYAKARTA
POL-3310,M-002,F,12/3/1951,9/26/2013,YOGYAKARTA
POL-3311,M-002,F,11/15/1953,1/22/2013,YOGYAKARTA
POL-3312,M-002,F,9/12/1964,11/4/2013,YOGYAKARTA
POL-3313,M-002,M,9/15/1942,7/27/2012,YOGYAKARTA
POL-3314,M-002,M,11/23/1988,9/20/2012,YOGYAKARTA
POL-3315,M-002,M,6/12/1965,9/25/2012,YOGYAKARTA
POL-3316,M-002,M,6/1/1951,10/28/2014,YOGYAKARTA
POL-3317,M-002,M,1/25/1955,2/26/2015,YOGYAKARTA
POL-3318,M-002,F,1/29/1958,4/14/2014,YOGYAKARTA
POL-3319,M-001,M,3/2/1953,11/25/2015,YOGYAKARTA
POL-3320,M-002,M,7/18/1949,5/19/2014,YOGYAKARTA
POL-3321,M-002,F,6/23/1957,6/12/2014,YOGYAKARTA
POL-3322,M-002,F,12/6/1986,11/24/2015,YOGYAKARTA
POL-3323,M-002,F,6/13/1956,6/11/2015,YOGYAKARTA
POL-3324,M-002,F,5/18/1961,4/14/2015,YOGYAKARTA
POL-3325,M-002,F,12/13/1960,11/24/2015,YOGYAKARTA
POL-3326,M-002,F,12/15/1948,12/10/2014,YOGYAKARTA
POL-3327,M-002,F,9/7/1957,11/25/2015,YOGYAKARTA
POL-3328,M-002,F,7/3/1958,7/28/2015,YOGYAKARTA
POL-3329,M-002,M,12/5/1966,8/3/2016,YOGYAKARTA
POL-3330,M-002,M,8/20/1963,11/18/2015,YOGYAKARTA
POL-3331,M-002,M,12/21/1959,3/21/2016,YOGYAKARTA
POL-3332,M-002,F,9/22/1958,7/28/2015,YOGYAKARTA
POL-3333,M-002,M,6/8/1991,8/28/2015,YOGYAKARTA
POL-3334,M-002,M,10/19/1958,11/24/2015,YOGYAKARTA
POL-3335,M-002,F,11/30/1990,11/24/2015,YOGYAKARTA
POL-3336,M-002,F,8/10/1961,11/12/2015,YOGYAKARTA
POL-3337,M-002,M,12/25/1979,12/12/2017,YOGYAKARTA
POL-3338,M-002,M,2/22/1958,12/28/2017,YOGYAKARTA
POL-3339,M-002,F,9/4/1976,1/22/2016,YOGYAKARTA
POL-3340,M-002,F,9/11/1950,4/22/2016,YOGYAKARTA
POL-3341,M-002,F,4/13/2001,2/26/2016,YOGYAKARTA
POL-3342,M-002,F,9/12/1989,4/28/2015,YOGYAKARTA
POL-3343,M-003,M,11/6/1966,9/28/2015,YOGYAKARTA
POL-3344,M-002,M,11/29/1950,2/19/2016,YOGYAKARTA
POL-3345,M-002,M,4/24/1969,7/9/2015,YOGYAKARTA
POL-3346,M-002,M,11/3/1956,9/9/2015,YOGYAKARTA
POL-3347,M-002,M,4/18/1939,9/28/2015,YOGYAKARTA
POL-3348,M-002,M,12/17/1954,9/20/2017,YOGYAKARTA
POL-3349,M-002,M,11/19/1962,6/10/2016,YOGYAKARTA
POL-3350,M-002,F,5/21/2000,4/18/2017,YOGYAKARTA
POL-3351,M-002,F,11/27/1956,12/7/2015,YOGYAKARTA
POL-3352,M-002,M,4/21/1947,4/18/2016,YOGYAKARTA
POL-3353,M-002,M,8/24/1946,10/9/2017,YOGYAKARTA
POL-3354,M-002,F,2/5/1957,11/21/2017,YOGYAKARTA
POL-3355,M-002,F,11/3/1956,4/26/2017,YOGYAKARTA
POL-3356,M-003,M,10/2/1959,3/16/2017,YOGYAKARTA
POL-3357,M-002,M,12/8/1969,2/22/2017,YOGYAKARTA
POL-3358,M-002,F,11/7/1958,9/19/2017,YOGYAKARTA
POL-3359,M-002,F,9/29/1947,8/21/2017,YOGYAKARTA
POL-3360,M-002,M,11/4/1964,9/27/2016,YOGYAKARTA
POL-3361,M-003,F,6/29/1962,3/24/2017,YOGYAKARTA
POL-3362,M-002,M,10/21/1981,10/28/2017,YOGYAKARTA
POL-3363,M-002,M,6/9/1982,8/8/2017,YOGYAKARTA
POL-3364,M-002,M,3/31/1955,6/9/2017,YOGYAKARTA
POL-3365,M-002,M,11/29/1954,10/4/2017,YOGYAKARTA
POL-3366,M-002,F,9/18/1957,1/22/2018,YOGYAKARTA
POL-3367,M-002,F,2/10/1982,3/4/2016,YOGYAKARTA
POL-3368,M-002,M,10/22/1978,3/4/2016,YOGYAKARTA
POL-3369,M-003,F,6/20/1958,8/16/2013,YOGYAKARTA
POL-3370,M-002,F,12/24/2009,3/28/2016,YOGYAKARTA
POL-3371,M-002,F,9/4/1977,3/28/2016,YOGYAKARTA
POL-3372,M-002,M,4/6/1977,3/28/2016,YOGYAKARTA
POL-3373,M-002,M,9/11/1950,4/23/2013,YOGYAKARTA
POL-3374,M-002,M,12/12/1980,5/7/2013,YOGYAKARTA
POL-3375,M-002,F,6/9/1984,5/3/2013,YOGYAKARTA
POL-3376,M-002,M,7/16/1994,7/12/2013,YOGYAKARTA
POL-3377,M-002,F,10/23/2009,6/26/2013,YOGYAKARTA
POL-3378,M-003,F,2/5/1961,4/17/2012,YOGYAKARTA
POL-3379,M-003,M,4/28/2013,8/28/2013,YOGYAKARTA
POL-3380,M-003,M,5/15/1954,9/21/2012,SEMARANG
POL-3381,M-001,M,5/2/1960,11/28/2012,SEMARANG
POL-3382,M-002,F,10/10/1989,2/12/2015,PALEMBANG
POL-3383,M-002,F,1/31/1949,1/28/2016,PALEMBANG
POL-3384,M-002,M,10/29/1983,4/7/2015,PALEMBANG
POL-3385,M-002,M,8/16/1969,3/10/2015,PALEMBANG
POL-3386,M-002,M,1/24/1963,9/25/2017,MEDAN
POL-3387,M-002,F,9/26/1962,9/20/2017,MEDAN
POL-3388,M-001,M,1/26/1949,5/22/2013,JAKARTA
POL-3389,M-003,M,4/27/1964,10/22/2015,JAKARTA
POL-3390,M-001,M,2/16/1980,1/28/2015,JAKARTA
POL-3391,M-003,M,9/14/1955,11/13/2015,JAKARTA
POL-3392,M-002,F,10/24/1967,10/28/2015,JAKARTA
POL-3393,M-002,M,5/19/1968,6/23/2017,JAKARTA
POL-3394,M-003,M,4/20/1944,3/28/2017,JAKARTA
POL-3395,M-002,F,8/31/2009,1/20/2017,JAKARTA
POL-3396,M-002,F,10/6/1987,5/26/2017,JAKARTA
POL-3397,M-002,F,3/28/1968,8/25/2017,JAKARTA
POL-3398,M-001,F,10/31/1988,3/18/2015,PALEMBANG
POL-3399,M-002,F,3/9/1977,5/15/2015,PALEMBANG
POL-3400,M-001,M,4/5/1976,5/15/2015,PALEMBANG
POL-3401,M-002,M,4/28/1966,4/19/2012,PALEMBANG
POL-3402,M-002,F,5/22/1952,12/20/2012,PALEMBANG
POL-3403,M-002,F,10/23/1982,2/27/2014,PALEMBANG
POL-3404,M-002,M,12/6/1991,12/19/2017,JAKARTA
POL-3405,M-002,M,10/20/1990,11/15/2016,JAKARTA
POL-3406,M-003,M,7/17/1967,9/16/2016,JAKARTA
POL-3407,M-003,F,12/22/2004,9/16/2016,JAKARTA
POL-3408,M-002,F,1/14/1964,6/13/2017,JAKARTA
POL-3409,M-003,M,9/22/1964,10/28/2016,JAKARTA
POL-3410,M-001,F,2/21/1964,9/19/2016,PALEMBANG
POL-3411,M-002,F,4/22/1959,8/18/2017,PALEMBANG
POL-3412,M-001,F,4/27/1982,10/22/2015,PALEMBANG
POL-3413,M-001,M,5/11/1977,10/28/2015,PALEMBANG
POL-3414,M-002,M,6/3/1964,10/12/2017,PALEMBANG
POL-3415,M-001,F,8/16/1984,2/21/2017,PALEMBANG
POL-3416,M-002,M,12/12/1958,6/13/2013,TANGERANG
POL-3417,M-001,F,9/16/1957,6/25/2013,TANGERANG
POL-3418,M-001,M,3/22/1957,6/12/2013,TANGERANG
POL-3419,M-002,M,4/29/1966,6/12/2013,TANGERANG
POL-3420,M-002,M,4/23/1959,8/28/2015,TANGERANG
POL-3421,M-001,M,3/8/2016,6/7/2017,SURABAYA
POL-3422,M-001,M,9/29/1980,5/22/2017,PALEMBANG
POL-3423,M-001,M,10/7/1984,2/23/2017,PALEMBANG
POL-3424,M-001,M,8/22/1981,2/21/2017,PALEMBANG
POL-3425,M-001,F,12/3/1976,2/23/2017,PALEMBANG
POL-3426,M-001,F,9/12/1987,5/22/2017,PALEMBANG
POL-3427,M-001,F,3/13/1987,2/23/2017,PALEMBANG
POL-3428,M-003,F,1/31/1957,1/20/2014,JAKARTA
POL-3429,M-003,F,6/10/1955,2/3/2014,JAKARTA
POL-3430,M-002,M,5/15/1969,5/5/2014,JAKARTA
POL-3431,M-003,M,10/2/1953,1/15/2014,JAKARTA
POL-3432,M-003,F,5/19/1965,12/16/2013,JAKARTA
POL-3433,M-002,M,2/13/1985,8/28/2015,JAKARTA
POL-3434,M-003,F,2/13/1961,11/28/2014,JAKARTA
POL-3435,M-003,M,10/7/1979,3/26/2014,JAKARTA
POL-3436,M-002,F,7/19/1959,10/9/2014,JAKARTA
POL-3437,M-002,M,1/28/1972,12/17/2014,JAKARTA
POL-3438,M-003,F,2/12/1949,9/16/2014,JAKARTA
POL-3439,M-003,F,3/27/2014,12/5/2014,JAKARTA
POL-3440,M-002,F,9/10/1955,4/17/2017,PALEMBANG
POL-3441,M-002,F,3/2/1955,8/9/2017,PALEMBANG
POL-3442,M-002,F,3/21/1971,6/21/2017,PALEMBANG
POL-3443,M-002,M,3/5/1970,3/16/2017,PALEMBANG
POL-3444,M-001,M,10/8/1978,10/23/2015,PALEMBANG
POL-3445,M-002,M,2/12/1979,12/15/2015,PALEMBANG
POL-3446,M-001,F,9/27/1975,10/21/2016,SURABAYA
POL-3447,M-003,F,4/8/2016,8/25/2017,SURABAYA
POL-3448,M-003,M,10/1/2009,9/15/2017,JAKARTA
POL-3449,M-001,M,5/17/1960,4/21/2015,JAKARTA
POL-3450,M-002,F,6/12/1959,6/9/2017,JAKARTA
POL-3451,M-002,F,8/24/1953,4/28/2015,JAKARTA
POL-3452,M-001,M,6/8/2013,6/7/2017,SURABAYA
POL-3453,M-003,F,1/5/2008,11/3/2017,SURABAYA
POL-3454,M-003,M,1/15/2011,2/3/2017,SURABAYA
POL-3455,M-003,F,7/20/1973,10/11/2017,SURABAYA
POL-3456,M-001,M,4/21/2008,4/7/2017,SURABAYA
POL-3457,M-002,F,6/20/1975,4/20/2017,SURABAYA
POL-3458,M-002,F,7/28/1976,12/26/2014,JAKARTA
POL-3459,M-002,F,4/26/1973,12/18/2014,JAKARTA
POL-3460,M-003,M,12/7/1980,4/28/2015,JAKARTA
POL-3461,M-002,F,10/3/1972,11/21/2013,JAKARTA
POL-3462,M-001,M,2/5/1969,1/23/2013,JAKARTA
POL-3463,M-003,F,7/11/1981,7/23/2013,JAKARTA
POL-3464,M-002,M,7/25/1983,3/6/2017,PALEMBANG
POL-3465,M-002,F,1/12/1981,9/16/2014,PALEMBANG
POL-3466,M-002,M,3/5/1950,9/27/2013,PALEMBANG
POL-3467,M-002,M,7/15/1952,9/28/2016,PALEMBANG
POL-3468,M-001,M,3/20/1987,1/26/2018,PALEMBANG
POL-3469,M-002,M,8/14/1964,1/17/2012,PALEMBANG
POL-3470,M-002,F,12/29/1965,12/7/2017,MEDAN
POL-3471,M-002,M,10/21/1970,5/28/2017,MEDAN
POL-3472,M-001,F,12/25/1990,9/28/2016,MEDAN
POL-3473,M-002,M,11/11/1984,4/13/2017,MEDAN
POL-3474,M-002,M,3/25/1978,11/16/2012,PALEMBANG
POL-3475,M-002,M,8/30/1963,9/2/2013,JAKARTA
POL-3476,M-002,F,4/9/1962,7/28/2013,PALEMBANG
POL-3477,M-002,F,10/21/1957,6/21/2016,PALEMBANG
POL-3478,M-001,M,1/12/1965,8/5/2015,PALEMBANG
POL-3479,M-002,F,9/27/1962,9/19/2014,PALEMBANG
POL-3480,M-002,M,5/13/1976,9/25/2014,PALEMBANG
POL-3481,M-002,F,8/11/1961,8/10/2015,PALEMBANG
POL-3482,M-002,M,4/26/1967,10/7/2014,JAKARTA
POL-3483,M-003,M,10/9/1985,6/27/2014,JAKARTA
POL-3484,M-003,F,2/23/1977,9/19/2013,JAKARTA
POL-3485,M-002,F,2/5/1979,9/24/2013,JAKARTA
POL-3486,M-002,M,6/17/1960,9/28/2012,JAKARTA
POL-3487,M-002,M,8/20/1976,6/19/2013,JAKARTA
POL-3488,M-002,M,6/12/1972,12/20/2013,JAKARTA
POL-3489,M-003,M,7/28/1991,8/14/2013,JAKARTA
POL-3490,M-003,M,7/14/1983,4/16/2014,JAKARTA
POL-3491,M-003,F,2/21/1966,5/21/2014,JAKARTA
POL-3492,M-001,M,5/27/1965,12/20/2013,JAKARTA
POL-3493,M-002,F,8/21/1973,8/14/2013,JAKARTA
POL-3494,M-002,M,12/17/1969,11/28/2013,JAKARTA
POL-3495,M-003,F,11/7/1985,12/28/2012,JAKARTA
POL-3496,M-003,F,8/14/1949,2/14/2013,JAKARTA
POL-3497,M-003,M,1/24/1968,9/28/2012,JAKARTA
POL-3498,M-003,M,12/26/1969,1/28/2013,JAKARTA
POL-3499,M-003,M,3/5/1975,11/26/2013,JAKARTA
POL-3500,M-002,M,8/7/1979,9/24/2013,JAKARTA
POL-3501,M-002,F,2/27/1988,7/28/2013,JAKARTA
POL-3502,M-003,F,12/17/1974,12/16/2013,JAKARTA
POL-3503,M-003,F,8/15/1976,7/19/2012,JAKARTA
POL-3504,M-003,F,6/21/1951,9/25/2013,JAKARTA
POL-3505,M-003,F,4/7/1978,9/17/2013,JAKARTA
POL-3506,M-003,M,5/7/1980,9/19/2012,JAKARTA
POL-3507,M-002,F,9/10/1978,6/20/2013,JAKARTA
POL-3508,M-002,F,11/12/1978,10/22/2013,JAKARTA
POL-3509,M-003,M,5/22/1950,3/28/2012,JAKARTA
POL-3510,M-002,M,7/2/1963,4/17/2012,JAKARTA
POL-3511,M-002,M,2/7/1974,6/6/2012,JAKARTA
POL-3512,M-002,M,4/5/1951,8/8/2012,JAKARTA
POL-3513,M-003,M,12/28/1954,11/20/2012,JAKARTA
POL-3514,M-003,F,1/8/1971,5/28/2013,JAKARTA
POL-3515,M-003,F,5/4/1977,8/20/2013,JAKARTA
POL-3516,M-003,M,6/6/1982,7/2/2013,JAKARTA
POL-3517,M-003,F,3/13/1982,4/7/2014,JAKARTA
POL-3518,M-002,M,3/17/1957,2/2/2012,JAKARTA
POL-3519,M-003,F,9/12/1960,6/15/2012,JAKARTA
POL-3520,M-003,F,6/23/1981,4/11/2012,JAKARTA
POL-3521,M-002,F,9/28/1978,11/20/2012,JAKARTA
POL-3522,M-002,M,8/7/1982,3/8/2013,JAKARTA
POL-3523,M-002,M,2/28/1977,3/8/2012,JAKARTA
POL-3524,M-002,F,3/6/1951,7/5/2012,JAKARTA
POL-3525,M-001,M,5/24/1956,10/23/2013,JAKARTA
POL-3526,M-003,F,8/9/1997,2/28/2012,JAKARTA
POL-3527,M-003,M,2/16/1968,4/18/2012,JAKARTA
POL-3528,M-002,M,3/9/1975,11/20/2012,JAKARTA
POL-3529,M-003,F,5/12/1950,5/2/2012,JAKARTA
POL-3530,M-002,M,3/2/1947,12/13/2012,JAKARTA
POL-3531,M-003,M,4/3/1980,3/13/2012,JAKARTA
POL-3532,M-002,F,8/14/1979,3/12/2012,JAKARTA
POL-3533,M-002,M,12/31/1976,3/5/2012,JAKARTA
POL-3534,M-002,M,12/15/2006,9/24/2014,JAKARTA
POL-3535,M-002,M,2/5/1968,11/16/2012,JAKARTA
POL-3536,M-003,M,5/19/1974,6/10/2013,JAKARTA
POL-3537,M-003,F,6/7/1951,4/18/2013,JAKARTA
POL-3538,M-003,M,8/17/1965,8/27/2013,JAKARTA
POL-3539,M-003,M,5/31/1978,12/17/2012,JAKARTA
POL-3540,M-003,M,4/1/2000,11/28/2012,JAKARTA
POL-3541,M-001,M,12/15/1981,8/12/2014,JAKARTA
POL-3542,M-003,M,3/23/1983,4/10/2013,JAKARTA
POL-3543,M-002,F,4/21/1969,11/28/2013,JAKARTA
POL-3544,M-003,F,12/30/1972,9/26/2013,JAKARTA
POL-3545,M-002,M,11/18/1966,12/9/2013,JAKARTA
POL-3546,M-003,F,10/12/2006,9/9/2014,JAKARTA
POL-3547,M-003,F,6/10/1987,5/28/2012,JAKARTA
POL-3548,M-002,M,12/29/1975,7/27/2012,JAKARTA
POL-3549,M-002,M,10/29/1969,4/27/2012,JAKARTA
POL-3550,M-002,F,9/12/1971,1/10/2012,JAKARTA
POL-3551,M-002,M,8/28/1948,1/19/2012,JAKARTA
POL-3552,M-002,M,11/23/1950,11/21/2012,JAKARTA
POL-3553,M-003,M,1/12/1986,11/28/2012,JAKARTA
POL-3554,M-002,F,7/11/2002,2/27/2013,JAKARTA
POL-3555,M-003,M,11/2/1969,3/15/2012,JAKARTA
POL-3556,M-002,M,7/9/1973,5/28/2013,JAKARTA
POL-3557,M-003,F,4/15/1969,6/26/2013,JAKARTA
POL-3558,M-002,F,5/25/1949,12/13/2012,JAKARTA
POL-3559,M-003,F,7/25/1984,12/27/2012,JAKARTA
POL-3560,M-003,M,5/13/1993,2/27/2013,JAKARTA
POL-3561,M-003,F,12/23/2004,9/16/2013,JAKARTA
POL-3562,M-002,F,11/7/1963,5/3/2013,JAKARTA
POL-3563,M-002,F,5/16/1974,1/18/2013,JAKARTA
POL-3564,M-003,M,1/17/1977,9/27/2012,JAKARTA
POL-3565,M-003,F,11/2/1948,8/10/2012,JAKARTA
POL-3566,M-003,M,1/5/1973,5/28/2013,JAKARTA
POL-3567,M-003,M,12/10/1960,12/27/2012,JAKARTA
POL-3568,M-003,M,6/11/1952,1/28/2013,JAKARTA
POL-3569,M-002,M,10/9/2013,12/22/2014,JAKARTA
POL-3570,M-002,F,11/17/1973,6/25/2015,JAKARTA
POL-3571,M-002,F,10/9/1999,11/25/2015,JAKARTA
POL-3572,M-002,M,11/13/1979,10/28/2015,JAKARTA
POL-3573,M-003,F,9/27/1991,8/28/2014,JAKARTA
POL-3574,M-003,M,4/28/1982,12/9/2014,JAKARTA
POL-3575,M-002,M,3/28/2015,10/28/2015,JAKARTA
POL-3576,M-003,M,9/20/1967,1/28/2015,JAKARTA
POL-3577,M-002,F,5/19/1960,1/22/2015,JAKARTA
POL-3578,M-002,F,1/17/1970,12/9/2013,JAKARTA
POL-3579,M-002,M,7/31/1952,9/19/2014,JAKARTA
POL-3580,M-003,M,9/28/1991,9/21/2015,JAKARTA
POL-3581,M-003,M,4/2/1988,2/26/2016,JAKARTA
POL-3582,M-003,M,10/19/1979,8/25/2015,JAKARTA
POL-3583,M-002,F,3/23/1988,2/11/2016,JAKARTA
POL-3584,M-003,M,9/14/1979,11/27/2013,JAKARTA
POL-3585,M-003,F,8/7/2000,3/28/2014,JAKARTA
POL-3586,M-003,M,12/12/1987,11/16/2015,JAKARTA
POL-3587,M-003,F,2/1/1970,1/28/2015,JAKARTA
POL-3588,M-003,F,5/27/1967,1/28/2015,JAKARTA
POL-3589,M-003,F,4/22/1983,6/27/2014,JAKARTA
POL-3590,M-002,M,3/20/1960,10/10/2014,JAKARTA
POL-3591,M-003,M,8/10/1989,8/28/2014,JAKARTA
POL-3592,M-003,F,8/10/1963,3/20/2014,JAKARTA
POL-3593,M-002,M,6/9/1969,9/15/2014,JAKARTA
POL-3594,M-002,F,8/28/1972,5/5/2014,JAKARTA
POL-3595,M-001,F,8/19/1984,12/5/2014,JAKARTA
POL-3596,M-002,F,7/9/1955,12/20/2013,JAKARTA
POL-3597,M-002,M,11/21/1989,2/26/2016,JAKARTA
POL-3598,M-002,M,2/7/1975,2/27/2015,JAKARTA
POL-3599,M-002,F,2/17/1980,2/27/2015,JAKARTA
POL-3600,M-003,M,11/9/2006,4/12/2016,JAKARTA
POL-3601,M-003,M,7/13/2013,9/28/2016,JAKARTA
POL-3602,M-002,F,8/8/1984,1/5/2017,JAKARTA
POL-3603,M-003,F,5/2/1956,6/15/2016,JAKARTA
POL-3604,M-003,F,5/8/1966,2/14/2017,JAKARTA
POL-3605,M-003,M,11/9/1942,1/26/2017,JAKARTA
POL-3606,M-003,F,4/27/1987,6/28/2016,JAKARTA
POL-3607,M-002,M,3/30/1972,5/22/2015,JAKARTA
POL-3608,M-003,M,10/30/1963,8/22/2016,JAKARTA
POL-3609,M-002,F,3/29/1984,1/28/2016,JAKARTA
POL-3610,M-002,F,9/18/1965,11/13/2015,JAKARTA
POL-3611,M-001,F,8/31/1978,1/28/2015,JAKARTA
POL-3612,M-002,F,4/25/1989,3/14/2016,JAKARTA
POL-3613,M-002,F,6/10/1967,12/27/2014,JAKARTA
POL-3614,M-002,M,7/2/1964,4/28/2015,JAKARTA
POL-3615,M-002,F,10/31/1966,10/28/2012,JAKARTA
POL-3616,M-002,F,6/29/1982,8/20/2014,JAKARTA
POL-3617,M-002,F,7/7/1966,6/10/2013,JAKARTA
POL-3618,M-003,M,6/23/1978,6/12/2013,JAKARTA
POL-3619,M-002,M,11/17/1986,2/28/2012,JAKARTA
POL-3620,M-002,F,3/23/1982,4/9/2012,JAKARTA
POL-3621,M-003,M,12/11/1972,10/28/2012,JAKARTA
POL-3622,M-002,M,12/12/1950,4/28/2015,JAKARTA
POL-3623,M-002,F,8/18/1968,12/21/2015,JAKARTA
POL-3624,M-003,M,11/23/1959,11/20/2015,JAKARTA
POL-3625,M-002,F,7/28/1966,5/28/2015,JAKARTA
POL-3626,M-003,F,12/17/1959,3/22/2016,JAKARTA
POL-3627,M-002,F,3/4/1965,11/11/2015,JAKARTA
POL-3628,M-003,M,9/4/1985,5/12/2016,JAKARTA
POL-3629,M-002,F,9/17/1961,1/10/2014,JAKARTA
POL-3630,M-002,F,12/9/1964,9/27/2013,JAKARTA
POL-3631,M-002,M,1/18/1968,1/15/2013,JAKARTA
POL-3632,M-002,M,6/25/1967,5/19/2017,JAKARTA
POL-3633,M-001,M,2/5/1992,3/27/2017,JAKARTA
POL-3634,M-002,F,12/18/1947,1/14/2016,JAKARTA
POL-3635,M-003,M,9/29/1968,2/25/2016,JAKARTA
POL-3636,M-001,M,4/3/1997,8/19/2016,JAKARTA
POL-3637,M-002,F,9/17/1946,12/26/2012,JAKARTA
POL-3638,M-002,M,4/8/1945,12/26/2012,JAKARTA
POL-3639,M-001,M,11/23/1957,9/17/2012,JAKARTA
POL-3640,M-002,F,1/22/1953,9/20/2012,JAKARTA
POL-3641,M-002,M,12/19/1964,11/23/2012,JAKARTA
POL-3642,M-002,M,3/18/1965,1/23/2013,JAKARTA
POL-3643,M-003,M,1/13/1968,4/12/2013,JAKARTA
POL-3644,M-002,M,1/11/1972,9/24/2013,JAKARTA
POL-3645,M-002,F,6/12/1965,9/9/2013,JAKARTA
POL-3646,M-001,F,8/31/1960,9/17/2012,JAKARTA
POL-3647,M-002,F,3/28/1965,1/23/2013,JAKARTA
POL-3648,M-002,F,8/4/1966,1/15/2013,JAKARTA
POL-3649,M-002,F,3/29/1976,9/19/2013,JAKARTA
POL-3650,M-002,M,7/2/1978,5/27/2013,JAKARTA
POL-3651,M-002,M,8/2/1961,1/10/2014,JAKARTA
POL-3652,M-002,M,6/20/1964,9/27/2013,JAKARTA
POL-3653,M-003,M,5/9/1940,11/28/2013,JAKARTA
POL-3654,M-001,F,5/15/1965,4/28/2012,JAKARTA
POL-3655,M-002,M,10/30/1953,12/19/2013,JAKARTA
POL-3656,M-003,M,10/7/1937,12/28/2013,JAKARTA
POL-3657,M-003,M,9/9/1956,11/21/2014,JAKARTA
POL-3658,M-001,M,8/4/1954,4/25/2014,JAKARTA
POL-3659,M-002,F,11/6/1967,10/28/2013,JAKARTA
POL-3660,M-002,F,10/15/1984,12/6/2013,JAKARTA
POL-3661,M-002,F,9/15/1959,12/19/2013,JAKARTA
POL-3662,M-002,M,7/16/1972,4/10/2015,MAKASSAR
POL-3663,M-002,F,8/15/1963,4/10/2015,MAKASSAR
POL-3664,M-002,M,8/18/1955,2/12/2013,MEDAN
POL-3665,M-002,F,9/20/1968,9/6/2012,MEDAN
POL-3666,M-002,M,10/4/1963,6/2/2016,JAKARTA
POL-3667,M-002,F,6/17/1947,4/23/2014,MEDAN
POL-3668,M-002,F,8/2/2003,12/16/2014,MEDAN
POL-3669,M-002,M,1/2/1961,9/26/2012,MEDAN
POL-3670,M-002,M,4/16/1957,9/27/2012,MEDAN
POL-3671,M-002,M,10/24/1965,5/16/2012,MEDAN
POL-3672,M-002,M,12/16/1956,7/11/2014,MEDAN
POL-3673,M-003,M,8/25/1955,7/13/2017,MEDAN
POL-3674,M-002,F,7/10/1973,6/24/2014,MEDAN
POL-3675,M-003,F,7/4/1970,11/19/2015,MEDAN
POL-3676,M-002,M,7/21/1962,6/6/2016,MEDAN
POL-3677,M-003,M,5/13/1986,3/24/2017,MEDAN
POL-3678,M-002,F,11/30/1958,10/27/2017,MEDAN
POL-3679,M-002,M,10/22/1973,6/8/2017,MEDAN
POL-3680,M-003,F,6/20/1965,1/27/2016,TANGERANG
POL-3681,M-003,M,5/19/1965,5/28/2016,TANGERANG
POL-3682,M-003,F,3/14/1983,12/22/2017,TANGERANG
POL-3683,M-003,F,9/14/1966,1/10/2018,TANGERANG
POL-3684,M-003,F,4/15/1998,5/10/2016,TANGERANG
POL-3685,M-002,M,5/7/1958,4/28/2016,TANGERANG
POL-3686,M-002,F,10/5/1965,8/3/2017,TANGERANG
POL-3687,M-002,M,3/21/1965,7/28/2017,TANGERANG
POL-3688,M-003,F,4/23/1956,10/17/2017,TANGERANG
POL-3689,M-002,M,11/2/1960,9/21/2016,TANGERANG
POL-3690,M-003,M,8/14/1962,4/3/2017,TANGERANG
POL-3691,M-003,F,3/14/1964,4/3/2017,TANGERANG
POL-3692,M-003,F,8/26/1990,5/18/2017,TANGERANG
POL-3693,M-003,F,11/17/1956,8/24/2016,TANGERANG
POL-3694,M-003,M,11/17/1980,11/14/2016,TANGERANG
POL-3695,M-003,M,3/29/1956,9/8/2016,TANGERANG
POL-3696,M-003,M,4/21/1992,1/15/2016,TANGERANG
POL-3697,M-002,M,4/1/1954,3/4/2016,TANGERANG
POL-3698,M-003,M,8/16/1960,5/23/2016,TANGERANG
POL-3699,M-003,F,1/15/1983,11/14/2016,TANGERANG
POL-3700,M-002,F,8/7/1955,11/8/2016,TANGERANG
POL-3701,M-002,F,3/14/1983,12/28/2015,TANGERANG
POL-3702,M-003,M,11/27/1952,12/28/2015,TANGERANG
POL-3703,M-002,M,1/3/1976,3/27/2017,TANGERANG
POL-3704,M-002,F,11/29/1963,10/8/2012,JAKARTA
POL-3705,M-003,M,4/10/1978,6/5/2012,JAKARTA
POL-3706,M-002,M,4/12/1963,12/26/2012,JAKARTA
POL-3707,M-002,M,6/11/1961,12/5/2012,JAKARTA
POL-3708,M-003,F,9/19/1975,7/23/2015,JAKARTA
POL-3709,M-002,F,6/20/1972,3/17/2015,JAKARTA
POL-3710,M-003,M,2/16/1965,8/26/2014,JAKARTA
POL-3711,M-002,F,9/24/1975,2/24/2014,JAKARTA
POL-3712,M-003,M,7/5/1958,7/16/2012,JAKARTA
POL-3713,M-003,F,11/15/1985,10/28/2012,JAKARTA
POL-3714,M-002,M,9/13/1967,3/5/2012,JAKARTA
POL-3715,M-002,M,7/26/1970,3/8/2012,JAKARTA
POL-3716,M-002,M,1/22/1947,1/15/2014,JAKARTA
POL-3717,M-003,F,2/5/1950,11/14/2013,JAKARTA
POL-3718,M-002,M,6/10/1960,6/11/2013,JAKARTA
POL-3719,M-003,M,4/13/1973,12/26/2012,JAKARTA
POL-3720,M-003,F,4/24/1972,9/26/2013,JAKARTA
POL-3721,M-002,F,8/29/1969,2/14/2013,JAKARTA
POL-3722,M-002,F,4/9/1977,11/19/2012,JAKARTA
POL-3723,M-002,M,7/7/1974,12/19/2012,JAKARTA
POL-3724,M-003,F,6/12/1987,5/28/2012,JAKARTA
POL-3725,M-002,F,12/8/1972,10/25/2013,JAKARTA
POL-3726,M-003,M,8/5/1954,2/24/2014,JAKARTA
POL-3727,M-002,F,8/4/1964,7/28/2013,JAKARTA
POL-3728,M-002,M,5/9/1967,2/14/2013,JAKARTA
POL-3729,M-003,M,3/1/1955,12/26/2012,JAKARTA
POL-3730,M-003,M,12/21/1970,1/23/2013,JAKARTA
POL-3731,M-003,M,12/17/1974,10/10/2013,JAKARTA
POL-3732,M-002,M,11/8/1976,8/23/2013,JAKARTA
POL-3733,M-002,M,5/28/1966,9/27/2013,JAKARTA
POL-3734,M-002,F,9/17/1943,11/19/2013,JAKARTA
POL-3735,M-003,F,5/1/1956,2/24/2014,JAKARTA
POL-3736,M-002,F,9/21/1977,8/23/2013,JAKARTA
POL-3737,M-002,M,3/20/1978,8/24/2015,JAKARTA
POL-3738,M-002,M,4/20/1978,6/28/2015,JAKARTA
POL-3739,M-003,M,4/22/1990,2/25/2014,JAKARTA
POL-3740,M-003,F,8/19/1992,7/28/2015,JAKARTA
POL-3741,M-003,F,4/7/1984,11/22/2013,JAKARTA
POL-3742,M-003,M,5/28/1978,4/6/2015,JAKARTA
POL-3743,M-003,M,6/19/1986,9/18/2015,JAKARTA
POL-3744,M-002,F,9/28/1996,3/23/2016,JAKARTA
POL-3745,M-002,F,6/9/1966,3/10/2016,JAKARTA
POL-3746,M-002,M,9/25/1990,2/12/2016,JAKARTA
POL-3747,M-002,F,4/18/1975,3/23/2015,JAKARTA
POL-3748,M-002,F,1/24/1993,3/23/2016,JAKARTA
POL-3749,M-002,F,12/25/1998,3/23/2016,JAKARTA
POL-3750,M-003,F,8/1/1978,10/7/2016,JAKARTA
POL-3751,M-003,M,8/17/1985,12/23/2016,JAKARTA
POL-3752,M-002,M,4/28/1964,3/10/2016,JAKARTA
POL-3753,M-003,F,6/21/1980,5/11/2016,JAKARTA
POL-3754,M-003,F,5/10/2006,1/27/2017,JAKARTA
POL-3755,M-003,F,7/27/1990,7/26/2017,JAKARTA
POL-3756,M-001,F,3/14/1966,8/5/2015,PALEMBANG
POL-3757,M-002,F,2/7/1984,8/21/2015,PALEMBANG
POL-3758,M-002,M,8/6/1957,5/17/2017,PALEMBANG
POL-3759,M-002,M,12/30/1975,4/28/2016,PALEMBANG
POL-3760,M-002,F,3/2/1971,8/8/2014,PALEMBANG
POL-3761,M-002,M,4/8/1970,2/20/2014,PALEMBANG
POL-3762,M-002,F,3/17/1969,1/17/2012,PALEMBANG
POL-3763,M-002,F,5/14/1990,1/18/2017,PALEMBANG
POL-3764,M-002,F,8/28/1964,8/22/2017,PALEMBANG
POL-3765,M-002,F,2/3/1975,4/26/2017,PALEMBANG
POL-3766,M-003,F,7/5/1955,11/17/2014,BALI
POL-3767,M-003,F,9/12/2012,9/14/2015,BALI
POL-3768,M-003,F,9/17/1975,9/13/2013,SURABAYA
POL-3769,M-001,F,6/27/1976,6/25/2015,SURABAYA
POL-3770,M-001,F,4/19/1978,1/28/2016,SURABAYA
POL-3771,M-003,F,9/30/1944,11/11/2017,SOLO
POL-3772,M-002,M,7/10/1969,4/25/2017,SOLO
POL-3773,M-003,M,2/26/1961,4/27/2017,SOLO
POL-3774,M-003,F,1/14/1976,5/7/2013,BALI
POL-3775,M-002,F,4/22/1974,5/21/2014,BALI
POL-3776,M-002,F,4/5/1983,10/9/2014,BALI
POL-3777,M-003,F,11/23/1973,11/21/2016,JAKARTA
POL-3778,M-002,M,8/24/1988,4/15/2016,BALI
POL-3779,M-002,M,5/11/2011,4/15/2016,BALI
POL-3780,M-002,M,3/29/1964,12/18/2015,SOLO
POL-3781,M-003,M,10/31/1969,6/15/2017,SOLO
POL-3782,M-003,M,12/9/1968,11/17/2016,SOLO
POL-3783,M-003,F,8/15/1969,6/21/2016,SOLO
POL-3784,M-002,M,12/10/1952,2/24/2016,SOLO
POL-3785,M-002,M,10/9/1956,2/21/2013,JAKARTA
POL-3786,M-002,M,2/5/1958,7/3/2012,JAKARTA
POL-3787,M-003,F,9/2/1964,4/11/2013,SOLO
POL-3788,M-002,M,4/27/1967,9/24/2012,SOLO
POL-3789,M-002,M,11/9/1986,2/7/2014,SOLO
POL-3790,M-003,M,2/23/1963,5/28/2013,SOLO
POL-3791,M-001,M,3/16/1978,3/22/2012,BALI
POL-3792,M-001,F,10/3/1978,7/23/2014,BALI
POL-3793,M-002,M,2/11/1971,11/28/2012,SURABAYA
POL-3794,M-002,M,11/30/1953,12/26/2012,SURABAYA
POL-3795,M-003,F,11/3/1962,4/22/2013,SURABAYA
POL-3796,M-002,F,1/19/1959,5/15/2013,SURABAYA
POL-3797,M-002,M,8/11/1969,5/27/2015,SURABAYA
POL-3798,M-003,M,6/3/1960,11/11/2014,SURABAYA
POL-3799,M-003,M,3/28/1950,6/20/2013,SURABAYA
POL-3800,M-002,F,1/23/1946,12/13/2012,SURABAYA
POL-3801,M-002,F,11/5/1975,2/25/2013,SURABAYA
POL-3802,M-003,M,7/28/1953,3/17/2014,SURABAYA
POL-3803,M-003,F,11/24/1956,10/28/2014,SURABAYA
POL-3804,M-002,M,10/17/1977,1/20/2014,SURABAYA
POL-3805,M-003,M,8/18/1973,4/13/2016,SURABAYA
POL-3806,M-002,M,2/14/1978,12/8/2017,SURABAYA
POL-3807,M-002,F,1/8/1983,10/28/2017,SURABAYA
POL-3808,M-003,M,9/5/1966,3/10/2015,SURABAYA
POL-3809,M-002,M,8/4/1955,2/24/2016,SURABAYA
POL-3810,M-002,M,10/24/1982,8/28/2016,KUDUS
POL-3811,M-003,M,7/3/2007,6/21/2016,SOLO
POL-3812,M-002,M,9/18/1962,11/24/2017,SOLO
POL-3813,M-002,F,3/12/1960,1/15/2018,SOLO
POL-3814,M-002,M,6/2/1958,3/6/2015,SOLO
POL-3815,M-003,M,10/2/1983,11/28/2013,BALI
POL-3816,M-001,F,3/3/1946,7/24/2013,JAKARTA
POL-3817,M-002,F,10/20/1966,6/26/2012,JAKARTA
POL-3818,M-002,F,1/3/1964,8/28/2015,JAKARTA
POL-3819,M-003,M,5/23/1985,3/26/2014,JAKARTA
POL-3820,M-002,M,9/28/1964,8/28/2015,JAKARTA
POL-3821,M-001,F,2/14/1983,3/28/2015,JAKARTA
POL-3822,M-002,M,12/9/1970,12/11/2015,JAKARTA
POL-3823,M-002,M,2/18/1969,9/25/2015,JAKARTA
POL-3824,M-002,F,3/29/1960,3/27/2015,JAKARTA
POL-3825,M-002,F,10/21/1970,9/28/2015,JAKARTA
POL-3826,M-002,M,4/21/1960,6/25/2012,JAKARTA
POL-3827,M-003,F,4/11/1967,1/23/2013,JAKARTA
POL-3828,M-002,F,5/20/1970,6/24/2014,JAKARTA
POL-3829,M-003,M,5/18/1967,7/24/2013,JAKARTA
POL-3830,M-002,F,1/31/1965,11/28/2012,JAKARTA
POL-3831,M-001,F,1/28/1973,7/26/2013,JAKARTA
POL-3832,M-001,F,6/20/1989,10/3/2017,JAKARTA
POL-3833,M-002,M,3/10/1968,9/26/2015,JAKARTA
POL-3834,M-002,F,12/29/1967,12/23/2016,JAKARTA
POL-3835,M-002,F,4/2/1965,7/10/2015,JAKARTA
POL-3836,M-002,F,11/12/1957,8/26/2016,JAKARTA
POL-3837,M-003,F,8/23/1986,2/22/2017,JAKARTA
POL-3838,M-003,F,1/8/2011,7/21/2014,SOLO
POL-3839,M-003,F,4/5/2008,7/21/2014,SOLO
POL-3840,M-003,F,3/6/1985,7/25/2014,SOLO
POL-3841,M-002,F,7/25/1960,6/24/2014,SOLO
POL-3842,M-002,F,2/3/1952,2/15/2016,SOLO
POL-3843,M-002,F,8/30/1967,6/14/2012,SOLO
POL-3844,M-002,M,10/10/1982,7/28/2013,SOLO
POL-3845,M-003,M,11/2/1977,2/20/2013,SOLO
POL-3846,M-002,M,6/18/1970,8/14/2012,SOLO
POL-3847,M-002,M,4/20/1966,4/19/2012,SOLO
POL-3848,M-003,F,8/23/1948,6/19/2012,SOLO
POL-3849,M-001,F,8/10/1981,10/21/2013,SOLO
POL-3850,M-002,F,5/30/1960,6/26/2012,SOLO
POL-3851,M-002,M,3/3/1959,7/28/2012,SOLO
POL-3852,M-002,F,3/20/1962,11/28/2012,SOLO
POL-3853,M-002,F,3/28/1980,10/19/2017,SOLO
POL-3854,M-002,F,1/3/1968,6/10/2016,SOLO
POL-3855,M-002,M,7/23/1964,4/15/2016,SOLO
POL-3856,M-002,F,12/8/1959,2/22/2013,JAKARTA
POL-3857,M-003,M,11/29/1977,6/19/2012,SOLO
POL-3858,M-002,F,7/8/1968,8/14/2012,SOLO
POL-3859,M-003,M,10/6/1977,10/5/2015,SURABAYA
POL-3860,M-002,F,12/11/1970,4/3/2014,SURABAYA
POL-3861,M-002,M,11/14/1967,4/3/2014,SURABAYA
POL-3862,M-002,F,4/19/2013,5/24/2016,SURABAYA
POL-3863,M-003,M,10/9/1971,8/28/2015,SURABAYA
POL-3864,M-002,M,5/30/1976,4/17/2014,SURABAYA
POL-3865,M-001,M,7/13/1962,6/26/2015,SURABAYA
POL-3866,M-003,M,1/1/1973,11/24/2017,SURABAYA
POL-3867,M-003,M,8/23/1977,2/13/2017,SURABAYA
POL-3868,M-002,M,10/10/1961,10/5/2015,BALI
POL-3869,M-002,F,12/13/1961,8/28/2016,JAKARTA
POL-3870,M-002,M,8/22/1945,8/28/2016,JAKARTA
POL-3871,M-002,M,3/21/1968,3/7/2012,JAKARTA
POL-3872,M-002,F,4/16/1942,3/7/2012,JAKARTA
POL-3873,M-001,M,12/6/1964,2/24/2012,JAKARTA
POL-3874,M-002,F,3/11/1986,2/20/2012,JAKARTA
POL-3875,M-002,F,11/5/1953,7/3/2012,JAKARTA
POL-3876,M-003,M,9/8/1961,8/4/2016,SURABAYA
POL-3877,M-003,F,5/24/1961,9/8/2016,TANGERANG
POL-3878,M-003,M,9/16/1950,4/21/2017,TANGERANG
POL-3879,M-003,F,6/10/1966,1/28/2018,TANGERANG
POL-3880,M-003,F,4/12/1977,12/15/2016,TANGERANG
POL-3881,M-001,M,12/9/1970,4/28/2015,SURABAYA
POL-3882,M-003,F,10/23/1951,7/25/2014,SURABAYA
POL-3883,M-002,F,5/12/1993,12/27/2014,SURABAYA
POL-3884,M-003,M,4/27/1989,6/20/2014,SURABAYA
POL-3885,M-002,M,3/28/1995,12/23/2013,SURABAYA
POL-3886,M-002,F,5/6/1994,12/27/2014,SURABAYA
POL-3887,M-002,F,5/6/1969,6/28/2016,SURABAYA
POL-3888,M-002,M,4/9/1962,6/28/2016,SURABAYA
POL-3889,M-002,F,11/8/1999,6/28/2016,SURABAYA
POL-3890,M-001,F,7/20/1979,2/18/2016,SURABAYA
POL-3891,M-003,F,5/13/1975,12/11/2015,SURABAYA
POL-3892,M-002,F,7/30/1961,12/27/2014,SURABAYA
POL-3893,M-002,M,4/29/1992,12/28/2014,SURABAYA
POL-3894,M-001,M,12/11/1987,1/22/2014,SURABAYA
POL-3895,M-002,M,1/8/1962,12/19/2013,SURABAYA
POL-3896,M-001,M,12/12/1997,12/26/2014,SURABAYA
POL-3897,M-002,M,7/14/1990,12/28/2014,SURABAYA
POL-3898,M-002,F,11/4/1991,12/28/2014,SURABAYA
POL-3899,M-003,M,7/14/1989,12/27/2014,SURABAYA
POL-3900,M-003,M,4/29/1992,12/28/2014,SURABAYA
POL-3901,M-003,M,1/20/1985,10/13/2014,SURABAYA
POL-3902,M-002,M,11/25/1954,4/28/2014,SURABAYA
POL-3903,M-001,M,3/1/1965,12/23/2013,SURABAYA
POL-3904,M-002,F,8/10/1945,4/28/2015,SURABAYA
POL-3905,M-003,M,7/1/1972,1/26/2016,SURABAYA
POL-3906,M-002,M,11/1/1994,6/28/2016,SURABAYA
POL-3907,M-003,F,3/24/2016,9/23/2016,SURABAYA
POL-3908,M-003,M,11/4/2016,2/9/2017,SURABAYA
POL-3909,M-002,F,8/15/1973,8/11/2017,SURABAYA
POL-3910,M-003,M,10/15/1992,9/18/2017,SURABAYA
POL-3911,M-002,M,5/12/1983,1/28/2018,SURABAYA
POL-3912,M-003,F,12/15/2004,8/16/2017,SURABAYA
POL-3913,M-002,M,12/6/1973,6/6/2017,SURABAYA
POL-3914,M-003,F,12/30/1970,4/28/2016,SURABAYA
POL-3915,M-002,M,2/15/1992,3/23/2017,SURABAYA
POL-3916,M-003,M,10/10/1967,4/28/2016,SURABAYA
POL-3917,M-001,M,9/25/2014,1/26/2018,SURABAYA
POL-3918,M-003,M,4/8/1974,8/14/2017,SURABAYA
POL-3919,M-003,F,3/16/1966,10/16/2017,SURABAYA
POL-3920,M-003,F,4/5/1953,12/28/2016,SURABAYA
POL-3921,M-003,F,4/12/1972,12/7/2016,SURABAYA
POL-3922,M-002,M,10/6/1977,7/24/2017,SURABAYA
POL-3923,M-003,F,1/12/1985,6/6/2017,SURABAYA
POL-3924,M-003,F,12/26/1949,7/28/2016,SURABAYA
POL-3925,M-002,F,7/11/1992,3/28/2017,SURABAYA
POL-3926,M-003,F,1/2/1961,5/24/2017,SURABAYA
POL-3927,M-002,F,6/15/1977,6/2/2017,SURABAYA
POL-3928,M-002,F,6/1/1964,5/16/2017,SURABAYA
POL-3929,M-002,F,7/8/1965,2/9/2017,SURABAYA
POL-3930,M-003,F,9/1/1984,6/6/2017,SURABAYA
POL-3931,M-001,F,2/20/2002,12/28/2015,SURABAYA
POL-3932,M-002,M,5/5/1964,11/13/2015,SURABAYA
POL-3933,M-001,F,12/31/2003,12/28/2015,SURABAYA
POL-3934,M-001,F,8/12/1971,12/28/2015,SURABAYA
POL-3935,M-001,M,2/4/1998,5/22/2015,SURABAYA
POL-3936,M-002,M,12/28/1964,5/16/2017,SURABAYA
POL-3937,M-002,F,11/17/1962,2/14/2017,SURABAYA
POL-3938,M-001,M,3/30/1965,2/9/2017,SURABAYA
POL-3939,M-002,M,5/20/2006,2/14/2017,SURABAYA
POL-3940,M-001,M,3/21/1999,12/28/2015,SURABAYA
POL-3941,M-002,F,11/4/1954,3/17/2017,MALANG
POL-3942,M-003,M,5/10/1974,2/26/2016,MALANG
POL-3943,M-003,M,11/10/1953,1/28/2018,MALANG
POL-3944,M-003,M,7/30/1946,12/15/2016,MALANG
POL-3945,M-003,F,1/9/1973,12/21/2016,MALANG
POL-3946,M-001,M,7/24/1948,6/19/2017,MALANG
POL-3947,M-002,M,8/4/1959,3/4/2016,MALANG
POL-3948,M-003,F,5/10/1965,10/16/2017,MALANG
POL-3949,M-003,F,7/13/1970,7/9/2015,MALANG
POL-3950,M-002,F,11/27/1971,8/23/2016,MALANG
POL-3951,M-003,M,8/2/1959,11/16/2017,MALANG
POL-3952,M-003,M,1/12/1982,10/13/2016,MALANG
POL-3953,M-002,F,11/1/1949,11/28/2012,PALEMBANG
POL-3954,M-002,M,2/20/2002,1/17/2012,PALEMBANG
POL-3955,M-002,F,10/11/1941,2/26/2015,PALEMBANG
POL-3956,M-003,M,5/8/1953,8/25/2017,LAMPUNG
POL-3957,M-002,M,5/11/1968,12/27/2013,LAMPUNG
POL-3958,M-003,M,2/12/1972,6/27/2014,LAMPUNG
POL-3959,M-003,F,5/6/1981,7/28/2012,LAMPUNG
POL-3960,M-001,M,3/3/1964,12/28/2015,SURABAYA
POL-3961,M-002,M,7/2/1960,11/6/2017,SURABAYA
POL-3962,M-002,F,9/23/1994,8/27/2015,SEMARANG
POL-3963,M-002,M,5/9/1972,9/28/2015,SEMARANG
POL-3964,M-002,F,11/23/1952,11/22/2012,JAKARTA
POL-3965,M-002,M,6/23/1949,11/26/2012,JAKARTA
POL-3966,M-001,M,5/6/1961,5/4/2017,SOLO
POL-3967,M-003,M,6/12/1967,11/28/2013,SOLO
POL-3968,M-002,M,10/25/1965,11/28/2012,SOLO
POL-3969,M-003,F,12/21/1953,12/20/2012,SOLO
POL-3970,M-003,M,12/1/1946,7/5/2013,SOLO
POL-3971,M-001,F,6/26/1974,6/22/2017,SOLO
POL-3972,M-001,F,4/16/2005,6/23/2017,SOLO
POL-3973,M-002,M,10/10/1933,9/28/2014,SEMARANG
POL-3974,M-002,M,10/10/1952,3/22/2017,SEMARANG
POL-3975,M-002,F,7/12/1957,9/26/2013,SEMARANG
POL-3976,M-002,M,1/14/1961,9/28/2012,SEMARANG
POL-3977,M-003,M,5/12/1962,4/11/2012,SEMARANG
POL-3978,M-002,M,2/15/1956,1/28/2018,MALANG
POL-3979,M-003,F,4/26/1958,6/20/2016,MALANG
POL-3980,M-002,F,6/15/1949,3/15/2016,MALANG
POL-3981,M-002,M,6/14/1984,10/26/2017,MALANG
POL-3982,M-001,F,4/14/1985,5/23/2016,SURABAYA
POL-3983,M-003,F,2/23/1991,12/19/2016,SURABAYA
POL-3984,M-002,F,2/26/1957,2/7/2012,BANDUNG
POL-3985,M-002,M,3/21/1955,2/7/2012,BANDUNG
POL-3986,M-002,M,6/2/1978,7/18/2017,BANDUNG
POL-3987,M-002,F,1/9/1955,7/17/2017,BANDUNG
POL-3988,M-002,F,2/25/1981,2/14/2017,BANDUNG
POL-3989,M-002,M,2/25/1981,11/2/2016,BANDUNG
POL-3990,M-003,F,8/3/1984,1/27/2017,BANDUNG
POL-3991,M-002,M,12/1/1978,1/25/2018,BANDUNG
POL-3992,M-001,M,4/6/1992,12/22/2015,BANDUNG
POL-3993,M-002,F,1/21/1949,6/1/2015,BANDUNG
POL-3994,M-002,F,2/7/1966,10/2/2015,BANDUNG
POL-3995,M-002,F,2/18/1975,7/27/2016,BANDUNG
POL-3996,M-002,M,1/1/1964,7/9/2012,BANDUNG
POL-3997,M-003,F,12/10/1948,2/22/2012,BANDUNG
POL-3998,M-002,M,6/27/1935,11/5/2015,BANDUNG
POL-3999,M-003,M,5/8/1965,12/28/2013,BANDUNG
POL-4000,M-002,F,8/11/1955,7/25/2014,BANDUNG
POL-4001,M-002,M,11/14/1946,12/19/2012,BANDUNG
POL-4002,M-001,M,11/23/2016,11/25/2016,SURABAYA
POL-4003,M-003,M,12/15/1994,4/28/2017,SURABAYA
POL-4004,M-002,F,7/22/1982,5/9/2017,SURABAYA
POL-4005,M-002,F,1/4/1977,10/23/2013,JAKARTA
POL-4006,M-003,F,4/26/1974,5/27/2013,JAKARTA
POL-4007,M-003,F,2/27/1975,4/23/2014,JAKARTA
POL-4008,M-003,M,10/24/1962,8/28/2015,JAKARTA
POL-4009,M-003,M,9/9/1953,2/10/2016,JAKARTA
POL-4010,M-002,M,12/22/1955,9/28/2014,JAKARTA
POL-4011,M-002,F,8/19/1965,4/5/2012,JAKARTA
POL-4012,M-002,M,7/4/1956,11/28/2012,JAKARTA
POL-4013,M-002,M,8/15/1960,1/28/2016,JAKARTA
POL-4014,M-002,F,12/12/1965,4/28/2015,JAKARTA
POL-4015,M-002,M,7/8/1960,3/28/2015,JAKARTA
POL-4016,M-002,F,1/10/1969,10/28/2015,JAKARTA
POL-4017,M-003,M,1/27/1951,4/6/2015,JAKARTA
POL-4018,M-003,F,2/19/1966,3/28/2016,JAKARTA
POL-4019,M-002,F,9/1/1965,1/28/2016,JAKARTA
POL-4020,M-003,M,7/10/1942,1/13/2017,JAKARTA
POL-4021,M-002,M,12/14/1976,6/15/2017,JAKARTA
POL-4022,M-002,M,5/30/1975,5/23/2012,JAKARTA
POL-4023,M-002,M,12/6/1964,4/26/2013,JAKARTA
POL-4024,M-002,F,8/19/1959,1/24/2012,JAKARTA
POL-4025,M-001,M,4/23/1979,7/28/2017,JAKARTA
POL-4026,M-003,M,11/13/1967,9/13/2017,JAKARTA
POL-4027,M-003,F,7/2/1975,9/7/2017,JAKARTA
POL-4028,M-002,F,10/11/1970,4/25/2017,JAKARTA
POL-4029,M-002,F,2/4/1963,1/23/2018,JAKARTA
POL-4030,M-003,M,11/20/1967,7/16/2014,JAKARTA
POL-4031,M-002,F,6/10/1965,4/26/2013,JAKARTA
POL-4032,M-002,M,5/10/1985,9/13/2017,JAKARTA
POL-4033,M-003,M,7/3/1963,11/20/2013,JAKARTA
POL-4034,M-003,M,5/29/1949,7/28/2016,JAKARTA
POL-4035,M-003,F,6/23/1968,11/16/2016,JAKARTA
POL-4036,M-003,M,8/14/1959,1/28/2015,JAKARTA
POL-4037,M-003,F,8/25/1950,12/14/2016,TANGERANG
POL-4038,M-002,M,2/29/1952,4/27/2015,TANGERANG
POL-4039,M-003,M,4/13/1994,4/28/2016,TANGERANG
POL-4040,M-003,M,9/13/2011,5/28/2013,TANGERANG
POL-4041,M-003,F,7/28/2002,5/28/2013,TANGERANG
POL-4042,M-002,M,6/23/1969,6/25/2013,TANGERANG
POL-4043,M-003,M,10/13/1975,9/7/2017,TANGERANG
POL-4044,M-002,F,3/17/1963,6/11/2013,TANGERANG
POL-4045,M-003,F,9/10/1975,9/15/2015,TANGERANG
POL-4046,M-003,M,12/8/1973,9/11/2015,TANGERANG
POL-4047,M-002,M,12/23/1961,6/27/2016,TANGERANG
POL-4048,M-002,F,10/24/1961,12/8/2017,TANGERANG
POL-4049,M-003,F,8/17/1951,3/22/2016,TANGERANG
POL-4050,M-003,M,9/18/1958,4/11/2016,TANGERANG
POL-4051,M-003,F,3/2/1990,12/23/2015,TANGERANG
POL-4052,M-003,F,10/2/1948,7/15/2014,TANGERANG
POL-4053,M-003,F,6/19/1967,7/17/2014,TANGERANG
POL-4054,M-003,M,5/12/1957,4/20/2015,TANGERANG
POL-4055,M-002,F,3/15/1960,6/11/2013,TANGERANG
POL-4056,M-003,F,9/17/1973,5/15/2015,TANGERANG
POL-4057,M-002,M,8/8/1957,6/11/2013,TANGERANG
POL-4058,M-002,F,4/29/2015,8/27/2015,TANGERANG
POL-4059,M-002,F,11/1/1975,8/27/2015,TANGERANG
POL-4060,M-002,M,5/31/1976,2/17/2017,TANGERANG
POL-4061,M-003,M,9/28/1966,12/20/2016,TANGERANG
POL-4062,M-002,F,8/22/1995,11/9/2015,TANGERANG
POL-4063,M-003,M,8/23/1961,11/9/2015,TANGERANG
POL-4064,M-002,F,3/2/1944,12/11/2013,TANGERANG
POL-4065,M-002,M,3/15/2007,8/27/2015,TANGERANG
POL-4066,M-002,M,6/27/2000,11/9/2015,TANGERANG
POL-4067,M-003,M,7/7/1943,9/18/2013,TANGERANG
POL-4068,M-002,M,6/16/1963,8/28/2013,TANGERANG
POL-4069,M-002,F,5/7/1986,3/28/2014,TANGERANG
POL-4070,M-003,F,2/11/1948,9/18/2013,TANGERANG
POL-4071,M-002,M,5/24/1944,10/25/2013,TANGERANG
POL-4072,M-002,F,7/6/1966,8/28/2013,TANGERANG
POL-4073,M-002,M,7/25/1975,9/10/2013,TANGERANG
POL-4074,M-002,F,8/6/1966,9/24/2013,TANGERANG
POL-4075,M-002,F,1/24/1978,3/18/2014,TANGERANG
POL-4076,M-003,M,10/28/1965,3/24/2014,TANGERANG
POL-4077,M-002,F,7/30/1948,10/25/2013,TANGERANG
POL-4078,M-003,F,3/4/1973,12/20/2016,TANGERANG
POL-4079,M-002,F,9/8/1975,5/15/2017,TANGERANG
POL-4080,M-003,F,6/24/1987,12/19/2017,TANGERANG
POL-4081,M-002,M,6/29/2002,12/20/2016,TANGERANG
POL-4082,M-003,M,11/3/1987,12/19/2017,TANGERANG
POL-4083,M-003,F,2/7/1952,4/26/2016,SURABAYA
POL-4084,M-003,M,6/19/1950,6/13/2016,SURABAYA
POL-4085,M-003,M,12/11/1983,8/28/2016,SURABAYA
POL-4086,M-002,M,9/4/1953,11/24/2016,SURABAYA
POL-4087,M-003,F,10/29/1975,7/28/2015,SURABAYA
POL-4088,M-002,F,6/28/2010,3/11/2014,SURABAYA
POL-4089,M-003,M,8/10/1956,8/1/2016,SURABAYA
POL-4090,M-003,M,9/1/1956,11/17/2016,SURABAYA
POL-4091,M-003,M,8/20/1978,8/28/2017,SURABAYA
POL-4092,M-003,F,5/20/1954,5/18/2017,SURABAYA
POL-4093,M-003,F,11/24/1981,8/11/2017,TANGERANG
POL-4094,M-003,F,8/12/2004,7/21/2017,TANGERANG
POL-4095,M-002,F,1/27/1964,12/21/2016,MANADO
POL-4096,M-003,F,9/14/1971,11/10/2017,JAKARTA
